"appid","game_title","total_reviews","positive_count","negative_count","neutral_count","positive_ratio","negative_ratio","neutral_ratio","avg_sentiment_score","median_sentiment_score","sd_sentiment_score","very_positive_count","very_negative_count"
"10","Counter-Strike",1000,581,177,242,58.1,17.7,24.2,3.43948024485752,5.49306144334055,5.99187191285695,581,177
"10090","Call of Duty: World at War",1000,657,207,136,65.7,20.7,13.6,3.72995174081842,5.49306144334055,6.93908931129503,657,207
"102600","Orcs Must Die!",1000,773,151,76,77.3,15.1,7.6,5.98916909340395,8.0471895621705,6.78555371664195,773,151
"1029690","Sniper Elite 5",1000,681,220,99,68.1,22,9.9,4.4987808478909,6.93147180559945,7.35303336751283,681,220
"1030830","Mafia II: Definitive Edition",1000,628,244,128,62.8,24.4,12.8,3.69245823263852,5.49306144334055,7.61822781059641,628,244
"1030840","Mafia: Definitive Edition",1000,717,159,124,71.7,15.9,12.4,5.73605922710815,7.48933068388498,7.02604910170127,717,159
"1044720","Farthest Frontier",1000,806,114,80,80.6,11.4,8,6.77633660412484,8.0471895621705,6.20100545080086,806,114
"1049410","Superliminal",1000,796,95,109,79.6,9.5,10.9,6.71987936666447,8.0471895621705,5.83502617120285,796,95
"105600","Terraria",1000,654,173,173,65.4,17.3,17.3,4.19538784389274,6.93147180559945,6.33875748291011,654,173
"1056960","Wolfenstein: Youngblood",1000,435,451,114,43.5,45.1,11.4,-0.215382267422131,0,8.56593689374228,435,451
"1057090","Ori and the Will of the Wisps",1000,857,77,66,85.7,7.7,6.6,8.10558384480175,9.72955074527657,5.9495883184496,857,77
"1058020","STAR WARS Battlefront (Classic, 2004)",1000,733,136,131,73.3,13.6,13.1,5.48832488019304,6.93147180559945,6.1612143082902,733,136
"1061910","Metal: Hellsinger",1000,693,176,131,69.3,17.6,13.1,5.11302789157774,6.93147180559945,7.17134989975433,693,176
"10680","Aliens vs. Predator",1000,713,158,129,71.3,15.8,12.9,5.01381989142595,6.93147180559945,6.54007918362407,713,158
"107100","Bastion",1000,852,70,78,85.2,7,7.8,8.02390376273507,8.95879734614027,5.6104472854445,852,70
"107410","Arma 3",1000,587,229,184,58.7,22.9,18.4,3.11808560777538,5.49306144334055,6.72803769383327,587,229
"108600","Project Zomboid",1000,606,231,163,60.6,23.1,16.3,3.21219709191263,5.49306144334055,6.89653622408322,606,231
"1086940","Baldur's Gate 3",1000,738,124,138,73.8,12.4,13.8,5.6588104101664,6.93147180559945,6.38229913770073,738,124
"108710","Alan Wake",1000,647,196,157,64.7,19.6,15.7,4.26026832880541,6.93147180559945,7.34922701287278,647,196
"108800","Crysis 2 - Maximum Edition",1000,708,181,111,70.8,18.1,11.1,5.36821378230488,6.93147180559945,7.32495081617093,708,181
"1089090","ONE PIECE: PIRATE WARRIORS 4",1000,721,104,175,72.1,10.4,17.5,5.8523624142998,6.93147180559945,5.9591068811966,721,104
"1091500","Cyberpunk 2077",1000,731,136,133,73.1,13.6,13.3,5.56960547286859,6.93147180559945,6.45193469842996,731,136
"1092790","Inscryption",1000,777,108,115,77.7,10.8,11.5,6.25257775847855,8.0471895621705,6.01716589432791,777,108
"110800","L.A. Noire",1000,659,209,132,65.9,20.9,13.2,4.25649272221179,6.93147180559945,7.13764007211984,659,209
"1113000","Persona 4 Golden",1000,729,117,154,72.9,11.7,15.4,5.81090747002451,6.93147180559945,6.17839800419417,729,117
"113020","Monaco: What's Yours Is Mine",1000,789,101,110,78.9,10.1,11,6.45106010689608,8.0471895621705,5.78937316490978,789,101
"113200","The Binding of Isaac",1000,560,271,169,56,27.1,16.9,2.6728481439578,5.49306144334055,7.06820795790686,560,271
"1139900","Ghostrunner",1000,613,263,124,61.3,26.3,12.4,3.2769008609788,5.49306144334055,7.69157896944219,613,263
"1142710","Total War: WARHAMMER III",1000,643,217,140,64.3,21.7,14,3.67454136416612,5.49306144334055,6.9780416334074,643,217
"1144200","Ready or Not",1000,562,295,143,56.2,29.5,14.3,2.31649468842071,5.49306144334055,7.40674073593517,562,295
"1145350","Hades II",1000,838,65,97,83.8,6.5,9.7,7.39001783696353,8.0471895621705,5.44517332406665,838,65
"1145360","Hades",1000,776,104,120,77.6,10.4,12,6.74438728998482,8.0471895621705,6.32447757412152,776,104
"1147550","Not For Broadcast",1000,764,123,113,76.4,12.3,11.3,6.82709227116794,8.0471895621705,6.62867602372264,764,123
"1151340","Fallout 76",1000,660,227,113,66,22.7,11.3,4.08730945434193,5.49306144334055,7.63198328144624,660,227
"1158310","Crusader Kings III",1000,596,250,154,59.6,25,15.4,2.94913354053482,5.49306144334055,7.01966950673463,596,250
"1167630","Teardown",1000,699,157,144,69.9,15.7,14.4,4.83739996482436,6.93147180559945,6.15950575497901,699,157
"1172380","STAR WARS Jedi: Fallen Order",1000,733,169,98,73.3,16.9,9.8,5.6256135159229,8.0471895621705,7.37187548174272,733,169
"1172620","Sea of Thieves: 2025 Edition",1000,585,260,155,58.5,26,15.5,3.0455984845533,5.49306144334055,7.55205044135393,585,260
"1174180","Red Dead Redemption 2",1000,692,163,145,69.2,16.3,14.5,4.76698793655439,6.93147180559945,6.3867948956851,692,163
"1178830","Bright Memory: Infinite",1000,797,129,74,79.7,12.9,7.4,6.7051574564613,8.95879734614027,6.75853737462008,797,129
"1196590","Resident Evil Village",1000,685,194,121,68.5,19.4,12.1,4.56930139353426,6.93147180559945,7.07248886495448,685,194
"1211020","Wobbly Life",1000,854,55,91,85.4,5.5,9.1,7.21825279130944,8.0471895621705,4.6820918349164,854,55
"1213210","Command & Conquer Remastered Collection",1000,755,113,132,75.5,11.3,13.2,5.92889008646445,6.93147180559945,6.00943424286642,755,113
"1217060","Gunfire Reborn",1000,798,124,78,79.8,12.4,7.8,6.6287376317344,8.0471895621705,6.35848822791678,798,124
"12200","Bully: Scholarship Edition",1000,620,208,172,62,20.8,17.2,3.71676951461296,5.49306144334055,6.66866192736098,620,208
"12210","Grand Theft Auto IV: The Complete Edition",1000,657,190,153,65.7,19,15.3,4.17696119879168,6.93147180559945,6.79437537781132,657,190
"1222140","Detroit: Become Human",1000,738,115,147,73.8,11.5,14.7,6.01628062686371,6.93147180559945,6.23639876055322,738,115
"1222680","Need for Speed Heat",1000,685,184,131,68.5,18.4,13.1,4.64633091419809,6.93147180559945,7.04373590074568,685,184
"1222700","A Way Out",1000,677,182,141,67.7,18.2,14.1,4.85132423628992,6.93147180559945,6.89696376352559,677,182
"1237950","STAR WARS Battlefront II",1000,653,214,133,65.3,21.4,13.3,4.02560419080831,6.93147180559945,7.06517569917902,653,214
"1237970","Titanfall 2",1000,774,125,101,77.4,12.5,10.1,5.9148235602021,6.93147180559945,6.14080931608913,774,125
"1238810","Battlefield V",1000,490,336,174,49,33.6,17.4,1.31786067880389,0,7.82923107206825,490,336
"1238820","Battlefield 3",1000,564,293,143,56.4,29.3,14.3,2.58194621951639,5.49306144334055,7.69553269783624,564,293
"1238840","Battlefield 1",1000,606,255,139,60.6,25.5,13.9,2.89738284467292,5.49306144334055,7.37522074480261,606,255
"1238860","Battlefield 4",1000,544,326,130,54.4,32.6,13,1.76855459901522,3.46573590279973,7.49681574584445,544,326
"1245620","ELDEN RING",1000,641,202,157,64.1,20.2,15.7,3.96753700056066,5.49306144334055,7.03197378090487,641,202
"1248130","Farming Simulator 22",1000,756,102,142,75.6,10.2,14.2,5.58259838274979,6.93147180559945,5.54753342351624,756,102
"1250","Killing Floor",1000,550,283,167,55,28.3,16.7,2.38097617416446,5.49306144334055,7.22197445163593,550,283
"1250410","Microsoft Flight Simulator (2020) 40th Anniversary Edition",1000,592,232,176,59.2,23.2,17.6,3.40730850003778,5.49306144334055,6.80597167949192,592,232
"1259420","Days Gone",1000,765,136,99,76.5,13.6,9.9,6.10158337632125,8.0471895621705,6.70267184595689,765,136
"1260320","Party Animals",1000,724,148,128,72.4,14.8,12.8,5.30113403798875,6.93147180559945,6.53932115631231,724,148
"1262350","SIGNALIS",1000,658,204,138,65.8,20.4,13.8,4.39244194206058,6.93147180559945,7.02369733861574,658,204
"1262580","Need for Speed Payback",1000,680,196,124,68,19.6,12.4,4.39805504768735,6.93147180559945,7.25081446237662,680,196
"1272080","PAYDAY 3",1000,603,267,130,60.3,26.7,13,3.1742708708545,5.49306144334055,7.77245847704685,603,267
"1277400","Monster Hunter Stories 2: Wings of Ruin",1000,765,140,95,76.5,14,9.5,6.41928330891044,8.0471895621705,6.89123640345801,765,140
"1282100","REMNANT II",1000,683,227,90,68.3,22.7,9,4.57386041716566,6.93147180559945,7.90473805932562,683,227
"1282730","Loop Hero",1000,764,108,128,76.4,10.8,12.8,6.42494380318359,8.0471895621705,6.14581102235691,764,108
"1286680","Tiny Tina's Wonderlands",1000,621,256,123,62.1,25.6,12.3,3.67323880517261,5.49306144334055,7.68984744465212,621,256
"1290000","PowerWash Simulator",1000,728,118,154,72.8,11.8,15.4,5.50834590891329,6.93147180559945,5.98651124045416,728,118
"130","Half-Life: Blue Shift",1000,677,125,198,67.7,12.5,19.8,4.92586838218157,6.93147180559945,5.9127532477389,677,125
"1304930","The Outlast Trials",1000,611,237,152,61.1,23.7,15.2,3.62441863937081,5.49306144334055,7.06474789329546,611,237
"1313140","Cult of the Lamb",1000,768,117,115,76.8,11.7,11.5,6.37835026831356,8.0471895621705,6.36537460009221,768,117
"1326470","Sons Of The Forest",1000,697,172,131,69.7,17.2,13.1,4.96957460016533,6.93147180559945,6.92785529732092,697,172
"1328670","Mass Effect Legendary Edition",1000,763,121,116,76.3,12.1,11.6,6.03418212591409,6.93147180559945,6.46071948236303,763,121
"1332010","Stray",1000,820,76,104,82,7.6,10.4,7.61812402674268,8.95879734614027,5.69258819758831,820,76
"13520","Far Cry",1000,556,320,124,55.6,32,12.4,2.23400504801322,3.46573590279973,7.91794281518918,556,320
"1361210","Warhammer 40,000: Darktide",1000,637,252,111,63.7,25.2,11.1,3.75728480468634,6.21226662447,7.58644719785747,637,252
"1364780","Street Fighter 6",1000,584,266,150,58.4,26.6,15,2.90176528545868,3.46573590279973,7.30737201630501,584,266
"1366540","Dyson Sphere Program",1000,766,104,130,76.6,10.4,13,6.20242116461413,8.0471895621705,6.00789280609405,766,104
"1366800","Crosshair X",1000,656,134,210,65.6,13.4,21,4.20789243876139,5.49306144334055,5.54872330758059,656,134
"1371980","No Rest for the Wicked",1000,772,165,63,77.2,16.5,6.3,6.36130337274128,8.95879734614027,7.68442261040707,772,165
"1404210","Red Dead Online",1000,571,274,155,57.1,27.4,15.5,2.46844373448626,3.46573590279973,7.12171768328681,571,274
"1426210","It Takes Two",1000,808,85,107,80.8,8.5,10.7,7.4132737175263,8.95879734614027,6.13953285449655,808,85
"1446780","MONSTER HUNTER RISE",1000,681,168,151,68.1,16.8,15.1,4.82970076822801,6.93147180559945,6.77166560625883,681,168
"1475810","Ghostwire: Tokyo",1000,747,166,87,74.7,16.6,8.7,6.36331764654135,8.95879734614027,7.36649678187746,747,166
"1515950","Capcom Arcade Stadium",1000,591,244,165,59.1,24.4,16.5,3.21436186664697,5.49306144334055,7.17049677124039,591,244
"1517290","Battlefield 2042",1000,455,403,142,45.5,40.3,14.2,0.377732953607636,0,7.68169705413265,455,403
"1522820","Orcs Must Die! 3",1000,724,193,83,72.4,19.3,8.3,4.94307150758078,6.93147180559945,7.09547782440753,724,193
"1551360","Forza Horizon 5",1000,709,157,134,70.9,15.7,13.4,5.04559092907815,6.93147180559945,6.50964115141854,709,157
"15620","Warhammer 40,000: Dawn of War II - Anniversary Edition",1000,686,198,116,68.6,19.8,11.6,4.30473806396727,6.93147180559945,6.82756864218905,686,198
"1562430","DREDGE",1000,815,89,96,81.5,8.9,9.6,7.32393842671106,8.95879734614027,5.8272686860936,815,89
"1593500","God of War",1000,767,144,89,76.7,14.4,8.9,6.12529766002656,8.0471895621705,6.8255521369325,767,144
"1604030","V Rising",1000,739,159,102,73.9,15.9,10.2,5.85479266626104,8.0471895621705,7.09580611882546,739,159
"1611910","Warhammer 40,000: Chaos Gate - Daemonhunters",1000,636,289,75,63.6,28.9,7.5,3.50409130242149,6.93147180559945,8.29771577194185,636,289
"1621690","Core Keeper",1000,788,105,107,78.8,10.5,10.7,6.84493752109323,8.0471895621705,6.18156119797131,788,105
"1623730","Palworld",1000,762,129,109,76.2,12.9,10.9,6.21227541534807,8.0471895621705,6.35667189388823,762,129
"1643320","S.T.A.L.K.E.R. 2: Heart of Chornobyl",1000,587,301,112,58.7,30.1,11.2,2.7382181304664,5.49306144334055,8.47853064988172,587,301
"1687950","Persona 5 Royal",1000,668,157,175,66.8,15.7,17.5,4.96057200904615,6.93147180559945,6.85298519115491,668,157
"1716740","Starfield",1000,651,253,96,65.1,25.3,9.6,4.04060524782924,6.93147180559945,7.93301995485535,651,253
"17330","Crysis Warhead",1000,725,149,126,72.5,14.9,12.6,5.56088886450388,6.93147180559945,6.63757911293848,725,149
"17390","SPORE",1000,731,118,151,73.1,11.8,15.1,5.25844858724099,6.93147180559945,5.74480526023685,731,118
"17410","Mirror's Edge",1000,718,163,119,71.8,16.3,11.9,5.34200825088843,6.93147180559945,7.03057302286954,718,163
"17460","Mass Effect (2007)",1000,742,133,125,74.2,13.3,12.5,5.7157270258557,6.93147180559945,6.51998549553604,742,133
"17470","Dead Space (2008)",1000,616,254,130,61.6,25.4,13,3.16311762090955,5.49306144334055,7.22080146910751,616,254
"17480","Command & Conquer: Red Alert 3",1000,668,180,152,66.8,18,15.2,4.35985691249226,6.93147180559945,6.66857810611545,668,180
"1774580","STAR WARS Jedi: Survivor",1000,701,204,95,70.1,20.4,9.5,5.06506507725856,6.93147180559945,7.49717229130106,701,204
"1778820","TEKKEN 8",1000,468,373,159,46.8,37.3,15.9,0.84653258191769,0,7.81267700468886,468,373
"1790600","DRAGON BALL: Sparking! ZERO",1000,617,258,125,61.7,25.8,12.5,3.33225920137039,5.49306144334055,7.77229250815238,617,258
"1794680","Vampire Survivors",1000,734,130,136,73.4,13,13.6,5.41595524160698,6.93147180559945,6.03614848651848,734,130
"1817070","Marvel’s Spider-Man Remastered",1000,810,87,103,81,8.7,10.3,7.07128736350597,8.0471895621705,6.04358277394001,810,87
"1824220","Chivalry 2",1000,535,342,123,53.5,34.2,12.3,1.61823207504885,3.46573590279973,7.74953674456158,535,342
"1845910","Dragon Age: The Veilguard",1000,711,228,61,71.1,22.8,6.1,5.69021227662764,8.0471895621705,8.3786550549748,711,228
"1850570","DEATH STRANDING DIRECTOR'S CUT",1000,673,179,148,67.3,17.9,14.8,4.84042502439313,6.93147180559945,7.07814457255149,673,179
"1868140","DAVE THE DIVER",1000,832,90,78,83.2,9,7.8,7.7383688755921,8.95879734614027,6.01548200917492,832,90
"1888160","ARMORED CORE VI FIRES OF RUBICON",1000,678,188,134,67.8,18.8,13.4,4.73706684222781,6.93147180559945,7.129258526071,678,188
"1938090","Call of Duty: Modern Warfare II",1000,408,430,162,40.8,43,16.2,-0.317828326584946,0,7.71006197980291,408,430
"1943950","Escape the Backrooms",1000,703,160,137,70.3,16,13.7,4.72138015575496,6.93147180559945,6.54150525218876,703,160
"1966720","Lethal Company",1000,617,218,165,61.7,21.8,16.5,3.54154429750499,5.49306144334055,6.82041131581169,617,218
"19900","Far Cry 2",1000,512,340,148,51.2,34,14.8,1.17942602865902,3.46573590279973,7.789974597565,512,340
"200260","Batman: Arkham City - Game of the Year Edition",1000,725,123,152,72.5,12.3,15.2,5.64380988379711,6.93147180559945,6.36759304353654,725,123
"200510","XCOM: Enemy Unknown",1000,575,265,160,57.5,26.5,16,2.97765394964201,5.49306144334055,6.76862616754505,575,265
"200710","Torchlight II",1000,780,118,102,78,11.8,10.2,6.0828752276452,8.0471895621705,6.17790903765273,780,118
"201790","Orcs Must Die! 2",1000,714,187,99,71.4,18.7,9.9,4.89788161270367,6.93147180559945,6.66921608226457,714,187
"201810","Wolfenstein: The New Order",1000,592,276,132,59.2,27.6,13.2,3.14019088678492,5.49306144334055,7.74132789631382,592,276
"202750","Alan Wake's American Nightmare",1000,707,162,131,70.7,16.2,13.1,5.23798203970249,6.93147180559945,6.74828489051265,707,162
"202970","Call of Duty: Black Ops II",1000,592,250,158,59.2,25,15.8,3.14007405891475,5.49306144334055,7.09708820234819,592,250
"203140","Hitman: Absolution",1000,688,185,127,68.8,18.5,12.7,4.65247036774205,6.93147180559945,6.82562075104924,688,185
"203160","Tomb Raider",1000,775,112,113,77.5,11.2,11.3,6.53840786049003,8.0471895621705,6.51039281944199,775,112
"204100","Max Payne 3",1000,669,194,137,66.9,19.4,13.7,4.23056449935506,6.93147180559945,7.12300370799837,669,194
"204300","Awesomenauts",1000,684,203,113,68.4,20.3,11.3,4.37523967290007,6.93147180559945,6.9402877290758,684,203
"204340","Serious Sam 2",1000,617,209,174,61.7,20.9,17.4,3.68603039089585,5.49306144334055,7.2658121429392,617,209
"204360","Castle Crashers",1000,690,119,191,69,11.9,19.1,5.17674977302892,6.93147180559945,5.94975052995564,690,119
"204450","Call of Juarez: Gunslinger",1000,733,133,134,73.3,13.3,13.4,6.14064463450305,8.0471895621705,6.90976711602552,733,133
"204880","Sins of a Solar Empire: Rebellion",1000,780,108,112,78,10.8,11.2,5.90984664790538,6.93147180559945,5.6721626143932,780,108
"2050650","Resident Evil 4",1000,706,132,162,70.6,13.2,16.2,5.39802288418212,6.93147180559945,6.43735202345644,706,132
"205100","Dishonored",1000,747,133,120,74.7,13.3,12,5.80049150372881,6.93147180559945,6.63525964790906,747,133
"2054970","Dragon's Dogma 2",1000,601,296,103,60.1,29.6,10.3,3.31179974370903,5.49306144334055,8.54104701723382,601,296
"206420","Saints Row IV: Re-Elected",1000,604,235,161,60.4,23.5,16.1,3.57655105953686,5.49306144334055,7.13270006205901,604,235
"206440","To the Moon",1000,713,157,130,71.3,15.7,13,5.67091367204737,6.93147180559945,6.53820882567262,713,157
"207140","SpeedRunners",1000,675,146,179,67.5,14.6,17.9,4.82418409582243,6.93147180559945,6.33155665391225,675,146
"207610","The Walking Dead",1000,680,175,145,68,17.5,14.5,4.64595174714225,6.93147180559945,6.64570154729337,680,175
"208580","STAR WARS Knights of the Old Republic II - The Sith Lords",1000,778,129,93,77.8,12.9,9.3,6.02776593146514,6.93147180559945,6.37806831544009,778,129
"208650","Batman: Arkham Knight",1000,698,138,164,69.8,13.8,16.4,5.28297404458278,6.93147180559945,6.49691465827377,698,138
"20900","The Witcher: Enhanced Edition Director's Cut",1000,738,159,103,73.8,15.9,10.3,5.31306431222436,6.93147180559945,6.76509799825042,738,159
"209000","Batman: Arkham Origins",1000,697,164,139,69.7,16.4,13.9,4.9889016795262,6.93147180559945,6.84716241840062,697,164
"209080","Guns of Icarus Online",1000,677,199,124,67.7,19.9,12.4,4.40756221450933,6.93147180559945,6.76268588989247,677,199
"20920","The Witcher 2: Assassins of Kings Enhanced Edition",1000,667,209,124,66.7,20.9,12.4,4.58880052575835,6.93147180559945,7.64317114217044,667,209
"2100","Dark Messiah of Might & Magic",1000,699,170,131,69.9,17,13.1,5.03662510671,6.93147180559945,7.12795048086772,699,170
"210770","Sanctum 2",1000,780,118,102,78,11.8,10.2,6.21707738951882,8.0471895621705,6.22523389387458,780,118
"211820","Starbound",1000,692,188,120,69.2,18.8,12,4.84176581852006,6.93147180559945,7.06672968673767,692,188
"212680","FTL: Faster Than Light",1000,673,201,126,67.3,20.1,12.6,4.28964635099324,6.93147180559945,6.90910663192435,673,201
"213670","South Park: The Stick of Truth",1000,743,119,138,74.3,11.9,13.8,6.10831032596383,8.0471895621705,6.49678344395288,743,119
"214490","Alien: Isolation",1000,691,202,107,69.1,20.2,10.7,4.54357703034326,6.93147180559945,7.38248093416243,691,202
"214560","Mark of the Ninja",1000,815,102,83,81.5,10.2,8.3,6.64140282813871,8.0471895621705,6.18994810760668,815,102
"214950","Total War: ROME II - Emperor Edition",1000,689,166,145,68.9,16.6,14.5,4.40958219850981,6.93147180559945,6.10576790532493,689,166
"21690","Resident Evil 5",1000,545,262,193,54.5,26.2,19.3,2.59829086199549,3.46573590279973,7.27810647445873,545,262
"2183900","Warhammer 40,000: Space Marine 2",1000,553,303,144,55.3,30.3,14.4,2.55535907124359,4.47939867307014,7.87748837933164,553,303
"218620","PAYDAY 2",1000,569,227,204,56.9,22.7,20.4,2.97834253917249,5.49306144334055,6.61394768439411,569,227
"2186680","Warhammer 40,000: Rogue Trader",1000,788,108,104,78.8,10.8,10.4,6.85279460090433,8.0471895621705,6.8668970829121,788,108
"219150","Hotline Miami",1000,520,230,250,52,23,25,2.37580326199135,3.46573590279973,6.79389404380938,520,230
"219640","Chivalry: Medieval Warfare",1000,552,309,139,55.2,30.9,13.9,2.18360255091456,3.46573590279973,7.14906755081567,552,309
"219740","Don't Starve",1000,626,246,128,62.6,24.6,12.8,3.55549084864643,5.49306144334055,7.27153407197085,626,246
"219990","Grim Dawn",1000,831,91,78,83.1,9.1,7.8,6.973440600301,8.0471895621705,5.96479563574097,831,91
"220","Half-Life 2",1000,644,131,225,64.4,13.1,22.5,4.58116969918402,5.49306144334055,5.90118698774014,644,131
"220200","Kerbal Space Program",1000,628,187,185,62.8,18.7,18.5,3.85541199459704,5.49306144334055,6.34668773287819,628,187
"220240","Far Cry 3",1000,571,289,140,57.1,28.9,14,2.60071800296676,5.49306144334055,7.51799566303044,571,289
"220440","DmC: Devil May Cry",1000,607,271,122,60.7,27.1,12.2,3.20532267556704,5.49306144334055,7.67469042835499,607,271
"221040","Resident Evil 6",1000,484,378,138,48.4,37.8,13.8,0.72602799417456,0,8.09197937242226,484,378
"221100","DayZ",1000,559,301,140,55.9,30.1,14,2.00119994901475,3.46573590279973,7.3729799707471,559,301
"221380","Age of Empires II (Retired)",1000,745,92,163,74.5,9.2,16.3,5.62276847705516,6.93147180559945,5.36268652244763,745,92
"2215430","Ghost of Tsushima DIRECTOR'S CUT",1000,714,200,86,71.4,20,8.6,5.53136546684881,6.93147180559945,7.31699403896766,714,200
"221910","The Stanley Parable",1000,623,132,245,62.3,13.2,24.5,4.60290809130679,5.49306144334055,6.01703065482005,623,132
"222880","Insurgency",1000,607,225,168,60.7,22.5,16.8,3.46369160899433,5.49306144334055,6.86165493048482,607,225
"2231450","Pizza Tower",1000,699,121,180,69.9,12.1,18,5.41754486602876,6.93147180559945,6.16713500479159,699,121
"22320","The Elder Scrolls III: Morrowind Game of the Year Edition",1000,691,175,134,69.1,17.5,13.4,4.92781144648236,6.93147180559945,6.89884190775469,691,175
"22330","The Elder Scrolls IV: Oblivion Game of the Year Edition (2009)",1000,651,164,185,65.1,16.4,18.5,4.37425410877401,5.49306144334055,6.53777536142193,651,164
"223470","POSTAL 2",1000,461,332,207,46.1,33.2,20.7,0.97014238040715,0,7.17503819347495,461,332
"22370","Fallout 3: Game of the Year Edition",1000,655,209,136,65.5,20.9,13.6,3.8823277103586,5.49306144334055,6.7527380103899,655,209
"22380","Fallout: New Vegas",1000,659,173,168,65.9,17.3,16.8,4.42224297684597,6.93147180559945,6.33303819926315,659,173
"2246340","Monster Hunter Wilds",1000,613,283,104,61.3,28.3,10.4,3.24725954929114,5.49306144334055,7.89212514619024,613,283
"224760","FEZ",1000,797,98,105,79.7,9.8,10.5,7.12225102828307,8.95879734614027,6.21568017459003,797,98
"225080","Brothers - A Tale of Two Sons",1000,788,101,111,78.8,10.1,11.1,6.84373954147599,8.0471895621705,6.2746860277287,788,101
"225260","Brutal Legend",1000,703,177,120,70.3,17.7,12,5.32381469177066,6.93147180559945,6.92507433290327,703,177
"225540","Just Cause 3",1000,705,158,137,70.5,15.8,13.7,4.81997007227151,6.93147180559945,6.56730373572166,705,158
"227300","Euro Truck Simulator 2",1000,714,117,169,71.4,11.7,16.9,5.30008235364444,6.93147180559945,5.66632355557128,714,117
"2280","DOOM + DOOM II",1000,614,240,146,61.4,24,14.6,3.39070673112069,5.49306144334055,6.97488988075402,614,240
"228200","Company of Heroes",1000,776,116,108,77.6,11.6,10.8,5.9180991545142,6.93147180559945,6.11698920208218,776,116
"228280","Baldur's Gate: Enhanced Edition",1000,760,105,135,76,10.5,13.5,6.13922165486948,6.93147180559945,6.15247456635924,760,105
"228380","Wreckfest",1000,728,145,127,72.8,14.5,12.7,5.46396424796911,6.93147180559945,6.58703994939649,728,145
"2310","Quake",1000,676,168,156,67.6,16.8,15.6,4.76716384385544,6.93147180559945,6.70824856676488,676,168
"231430","Company of Heroes 2",1000,591,255,154,59.1,25.5,15.4,3.05525885634194,5.49306144334055,7.24496962670417,591,255
"232050","Eador. Masters of the Broken World",1000,711,206,83,71.1,20.6,8.3,5.14195927147493,6.93147180559945,7.55621938561754,711,206
"232090","Killing Floor 2",1000,578,287,135,57.8,28.7,13.5,2.72589550379014,5.49306144334055,7.55397297533891,578,287
"2322010","God of War Ragnarök",1000,717,173,110,71.7,17.3,11,5.20367653987118,6.93147180559945,7.14342636928173,717,173
"232770","POSTAL",1000,510,295,195,51,29.5,19.5,1.68900122805231,3.46573590279973,6.9493447083434,510,295
"232890","Stronghold Crusader 2",1000,649,214,137,64.9,21.4,13.7,3.75428689581388,6.93147180559945,6.93664376377446,649,214
"233130","Shadow Warrior",1000,642,252,106,64.2,25.2,10.6,4.10970165854338,6.93147180559945,7.99763665097246,642,252
"233450","Prison Architect",1000,582,302,116,58.2,30.2,11.6,2.27910401449376,5.49306144334055,7.4899529551586,582,302
"233720","Surgeon Simulator",1000,478,302,220,47.8,30.2,22,1.57590094652588,0,6.7859811433947,478,302
"233860","Kenshi",1000,538,327,135,53.8,32.7,13.5,1.73659908423855,3.46573590279973,7.8381272254551,538,327
"234140","Mad Max",1000,684,208,108,68.4,20.8,10.8,4.61843127965542,6.93147180559945,7.28906975832485,684,208
"2344520","Diablo IV",1000,629,255,116,62.9,25.5,11.6,3.70132939737398,5.49306144334055,7.5979783131195,629,255
"234650","Shadowrun Returns",1000,828,115,57,82.8,11.5,5.7,7.05246437512321,8.95879734614027,6.41488548815533,828,115
"235460","METAL GEAR RISING: REVENGEANCE",1000,512,253,235,51.2,25.3,23.5,2.2866015614872,3.46573590279973,6.97879671126257,512,253
"235600","Tom Clancy’s Splinter Cell Blacklist",1000,615,248,137,61.5,24.8,13.7,3.28481340605185,5.49306144334055,7.17610941335169,615,248
"2358720","Black Myth: Wukong",1000,744,160,96,74.4,16,9.6,5.82899361410166,6.93147180559945,6.99696468796692,744,160
"236850","Europa Universalis IV",1000,605,191,204,60.5,19.1,20.4,3.53336312521837,5.49306144334055,6.30707409296062,605,191
"237930","Transistor",1000,818,103,79,81.8,10.3,7.9,7.56658895586075,8.95879734614027,6.3105579109283,818,103
"238010","Deus Ex: Human Revolution - Director's Cut",1000,713,170,117,71.3,17,11.7,5.26546934339822,6.93147180559945,7.13749310154551,713,170
"238090","Sniper Elite 3",1000,591,258,151,59.1,25.8,15.1,2.97844470956662,5.49306144334055,7.53521695968737,591,258
"238320","Outlast",1000,522,278,200,52.2,27.8,20,1.98905425727105,3.46573590279973,7.09921217896272,522,278
"238370","Magicka 2",1000,624,238,138,62.4,23.8,13.8,3.46229171848173,5.49306144334055,7.33452491400668,624,238
"238460","BattleBlock Theater",1000,691,160,149,69.1,16,14.9,5.10263812236025,6.93147180559945,6.66723635100118,691,160
"239030","Papers, Please",1000,715,143,142,71.5,14.3,14.2,5.17231336769866,6.93147180559945,6.29989001289579,715,143
"239140","Dying Light",1000,671,203,126,67.1,20.3,12.6,4.18832821861995,6.93147180559945,7.09984210709923,671,203
"239160","Thief",1000,645,243,112,64.5,24.3,11.2,3.97556179556881,6.93147180559945,7.96561172097683,645,243
"239350","Spelunky",1000,567,295,138,56.7,29.5,13.8,2.57636112882184,5.49306144334055,7.45549721769424,567,295
"239820","Game Dev Tycoon",1000,770,102,128,77,10.2,12.8,6.40571437425823,8.0471895621705,6.0167585408443,770,102
"240","Counter-Strike: Source",1000,629,190,181,62.9,19,18.1,3.64386656205102,5.49306144334055,6.47912161433079,629,190
"240720","Getting Over It with Bennett Foddy",1000,442,367,191,44.2,36.7,19.1,0.607542591042226,0,7.19485982888468,442,367
"241930","Middle-earth: Shadow of Mordor",1000,739,152,109,73.9,15.2,10.9,5.58166944390937,6.93147180559945,6.88914586778588,739,152
"242050","Assassin’s Creed IV Black Flag",1000,663,202,135,66.3,20.2,13.5,4.40705488933451,6.93147180559945,7.02543615433503,663,202
"24240","PAYDAY The Heist",1000,609,200,191,60.9,20,19.1,3.64987455160587,5.49306144334055,6.57143782517023,609,200
"242760","The Forest",1000,631,190,179,63.1,19,17.9,4.01681126402543,6.93147180559945,6.89040143294531,631,190
"242920","Banished",1000,719,166,115,71.9,16.6,11.5,5.01778631004216,6.93147180559945,6.47686500935193,719,166
"243470","Watch_Dogs",1000,646,211,143,64.6,21.1,14.3,4.24382608575153,6.93147180559945,7.30377268100514,646,211
"244210","Assetto Corsa",1000,725,135,140,72.5,13.5,14,5.24658401969296,6.93147180559945,5.92750819741358,725,135
"244850","Space Engineers",1000,679,180,141,67.9,18,14.1,4.62480590902322,6.93147180559945,6.83741998109174,679,180
"245170","Skullgirls 2nd Encore",1000,521,312,167,52.1,31.2,16.7,2.04224917991064,3.46573590279973,7.2025146948961,521,312
"245620","Tropico 5",1000,727,163,110,72.7,16.3,11,5.25510492918701,6.93147180559945,6.9841241868499,727,163
"246620","Plague Inc: Evolved",1000,556,274,170,55.6,27.4,17,2.58196484217352,3.46573590279973,6.99441255943919,556,274
"246900","Viscera Cleanup Detail",1000,578,243,179,57.8,24.3,17.9,3.09063953395305,5.49306144334055,6.91416311145028,578,243
"247080","Crypt of the NecroDancer",1000,656,185,159,65.6,18.5,15.9,4.27225291017218,5.49306144334055,6.6228920550872,656,185
"2479810","Gray Zone Warfare",1000,685,233,82,68.5,23.3,8.2,4.45177731049842,6.93147180559945,7.86192219638194,685,233
"249130","LEGO Marvel Super Heroes",1000,746,95,159,74.6,9.5,15.9,6.39144585064731,6.93147180559945,6.28285865453076,746,95
"250400","How to Survive",1000,635,256,109,63.5,25.6,10.9,3.63621679699855,6.21226662447,7.67469639903882,635,256
"250900","The Binding of Isaac: Rebirth",1000,544,272,184,54.4,27.2,18.4,2.25902404595731,3.46573590279973,7.04844026338197,544,272
"251060","Wargame: Red Dragon",1000,626,235,139,62.6,23.5,13.9,3.38282954801546,5.49306144334055,7.07261172398939,626,235
"251570","7 Days to Die",1000,648,242,110,64.8,24.2,11,3.93977045731359,6.93147180559945,7.29301647960463,648,242
"252490","Rust",1000,479,346,175,47.9,34.6,17.5,0.954505723937146,0,7.11607576610462,479,346
"253900","Knights and Merchants",1000,710,158,132,71,15.8,13.2,5.16038006935712,6.93147180559945,6.58411572992958,710,158
"253980","Enclave",1000,638,230,132,63.8,23,13.2,3.71664462780969,5.49306144334055,7.71715798911571,638,230
"254700","Resident Evil 4 (2005)",1000,639,182,179,63.9,18.2,17.9,4.23963199381326,5.49306144334055,6.70177384524884,639,182
"2552430","KINGDOM HEARTS -HD 1.5+2.5 ReMIX-",1000,689,169,142,68.9,16.9,14.2,4.93619111889278,6.93147180559945,6.83285710904422,689,169
"255710","Cities: Skylines",1000,701,163,136,70.1,16.3,13.6,4.9073071499031,6.93147180559945,6.34817650568782,701,163
"257350","Baldur's Gate II: Enhanced Edition",1000,738,130,132,73.8,13,13.2,5.92198061439545,6.93147180559945,6.84441320863966,738,130
"257510","The Talos Principle",1000,804,88,108,80.4,8.8,10.8,7.14206479150602,8.0471895621705,5.98921586926716,804,88
"261030","The Walking Dead: Season Two",1000,669,205,126,66.9,20.5,12.6,4.21537826066729,6.93147180559945,7.01198306289938,669,205
"261110","Killer is Dead - Nightmare Edition",1000,553,329,118,55.3,32.9,11.8,2.07181875182432,3.46573590279973,8.00961318517269,553,329
"261550","Mount & Blade II: Bannerlord",1000,643,228,129,64.3,22.8,12.9,3.69619629147453,6.93147180559945,7.28952786642649,643,228
"261640","Borderlands: The Pre-Sequel",1000,430,387,183,43,38.7,18.3,0.422862609930426,0,7.11656427889951,430,387
"262060","Darkest Dungeon",1000,530,300,170,53,30,17,2.05708271909092,3.46573590279973,7.49355778716064,530,300
"2623190","The Elder Scrolls IV: Oblivion Remastered",1000,642,240,118,64.2,24,11.8,4.02320530510508,6.93147180559945,7.50265214860516,642,240
"264710","Subnautica",1000,741,144,115,74.1,14.4,11.5,5.40561581607072,6.93147180559945,6.32217061523513,741,144
"265550","Dead Rising 3 Apocalypse Edition",1000,592,271,137,59.2,27.1,13.7,2.9762729416854,5.49306144334055,7.58136751112882,592,271
"265590","The Red Solstice",1000,650,253,97,65,25.3,9.7,3.9630509033863,6.93147180559945,7.83211847870517,650,253
"265930","Goat Simulator",1000,585,170,245,58.5,17,24.5,3.63601017623258,5.49306144334055,6.2852285440855,585,170
"266840","Age of Mythology: Extended Edition",1000,760,90,150,76,9,15,6.10917766283698,6.93147180559945,5.43646970704138,760,90
"26800","Braid",1000,769,133,98,76.9,13.3,9.8,6.42677306918463,8.0471895621705,6.47893534113833,769,133
"2680010","The First Berserker: Khazan",1000,768,151,81,76.8,15.1,8.1,6.42115675379519,8.0471895621705,7.24435922539407,768,151
"268050","The Evil Within",1000,535,361,104,53.5,36.1,10.4,1.62305691403532,3.46573590279973,8.15714625755756,535,361
"268500","XCOM 2",1000,630,234,136,63,23.4,13.6,3.36290454998515,5.49306144334055,7.1355195226162,630,234
"268910","Cuphead",1000,692,155,153,69.2,15.5,15.3,5.0362085819428,6.93147180559945,6.56328643287165,692,155
"269210","Hero Siege",1000,582,277,141,58.2,27.7,14.1,2.83987644806516,5.49306144334055,7.59650705138848,582,277
"2694490","Path of Exile 2",1000,629,249,122,62.9,24.9,12.2,3.54585141323838,5.49306144334055,7.77334868950325,629,249
"270150","RUNNING WITH RIFLES",1000,659,220,121,65.9,22,12.1,4.02865532420289,6.93147180559945,7.55514666907827,659,220
"270880","American Truck Simulator",1000,776,101,123,77.6,10.1,12.3,6.14560019269885,6.93147180559945,5.60590318751805,776,101
"274170","Hotline Miami 2: Wrong Number",1000,496,297,207,49.6,29.7,20.7,1.70526768266309,0,7.37242701449155,496,297
"274190","Broforce",1000,696,142,162,69.6,14.2,16.2,5.18439285550907,6.93147180559945,6.46415120767844,696,142
"274940","Depth",1000,696,166,138,69.6,16.6,13.8,4.89520748365071,6.93147180559945,6.37311071113915,696,166
"275850","No Man's Sky",1000,753,132,115,75.3,13.2,11.5,5.79266091389417,6.93147180559945,6.14267220791816,753,132
"278080","DYNASTY WARRIORS 8: Xtreme Legends Complete Edition",1000,655,215,130,65.5,21.5,13,4.03415129829625,6.21226662447,6.90571125760747,655,215
"278360","A Story About My Uncle",1000,781,112,107,78.1,11.2,10.7,6.62395641866362,8.0471895621705,6.26424646184239,781,112
"280790","Creativerse",1000,621,242,137,62.1,24.2,13.7,3.58604643857463,5.49306144334055,7.20034800693242,621,242
"281990","Stellaris",1000,599,256,145,59.9,25.6,14.5,3.16561014253708,5.49306144334055,7.3894535248231,599,256
"282070","This War of Mine",1000,521,358,121,52.1,35.8,12.1,1.21064217245272,3.46573590279973,8.03227048156679,521,358
"282140","SOMA",1000,707,175,118,70.7,17.5,11.8,4.98065103762989,6.93147180559945,6.85316945606779,707,175
"282440","Quake Live",1000,653,189,158,65.3,18.9,15.8,4.21738311973052,6.93147180559945,6.50549260593033,653,189
"284160","BeamNG.drive",1000,737,107,156,73.7,10.7,15.6,5.36673949983318,6.93147180559945,5.53878882694943,737,107
"285190","Warhammer 40,000: Dawn of War III",1000,565,318,117,56.5,31.8,11.7,2.38146682044756,3.46573590279973,7.77860599881371,565,318
"285900","Gang Beasts",1000,673,157,170,67.3,15.7,17,4.58742222807623,6.93147180559945,6.32401280619245,673,157
"286160","Tabletop Simulator",1000,680,105,215,68,10.5,21.5,4.78550304712282,6.93147180559945,5.46592484070997,680,105
"286690","Metro 2033 Redux",1000,681,174,145,68.1,17.4,14.5,4.67230545983756,6.93147180559945,6.97776513187772,681,174
"287290","Resident Evil Revelations 2",1000,543,313,144,54.3,31.3,14.4,2.23190702425806,3.46573590279973,7.71807461495182,543,313
"287390","Metro: Last Light Redux",1000,701,158,141,70.1,15.8,14.1,5.01725378678842,6.93147180559945,6.78398718192641,701,158
"287450","Rise of Nations: Extended Edition",1000,798,78,124,79.8,7.8,12.4,6.15494413421031,6.93147180559945,5.33685997597825,798,78
"287700","METAL GEAR SOLID V: THE PHANTOM PAIN",1000,589,229,182,58.9,22.9,18.2,3.13992094322804,5.49306144334055,6.90251208846393,589,229
"289070","Sid Meier’s Civilization VI",1000,663,164,173,66.3,16.4,17.3,4.24763551829848,6.93147180559945,6.29434177536864,663,164
"289130","ENDLESS Legend",1000,735,168,97,73.5,16.8,9.7,5.55603452588432,6.93147180559945,7.02636144447828,735,168
"289650","Assassin's Creed Unity",1000,609,249,142,60.9,24.9,14.2,3.24241559289379,5.49306144334055,7.64570957737031,609,249
"291650","Pillars of Eternity",1000,797,112,91,79.7,11.2,9.1,6.97683130227651,8.0471895621705,6.66719797863234,797,112
"292030","The Witcher 3: Wild Hunt",1000,757,89,154,75.7,8.9,15.4,6.20360057731493,6.93147180559945,6.07826260910813,757,89
"292730","Call of Duty: Infinite Warfare",1000,650,196,154,65,19.6,15.4,4.0325032139034,6.93147180559945,6.9471124328676,650,196
"297000","Heroes of Might & Magic III - HD Edition",1000,709,124,167,70.9,12.4,16.7,5.18913959254137,6.93147180559945,5.80563883357458,709,124
"298110","Far Cry 4",1000,631,223,146,63.1,22.3,14.6,3.73566187421559,5.49306144334055,7.43174323110039,631,223
"299460","Woodle Tree Adventures",1000,579,315,106,57.9,31.5,10.6,2.60135570564495,5.49306144334055,8.20996222029537,579,315
"30","Day of Defeat",1000,676,172,152,67.6,17.2,15.2,4.51612782965166,6.93147180559945,6.46968556715505,676,172
"300","Day of Defeat: Source",1000,655,189,156,65.5,18.9,15.6,4.11524014918853,5.49306144334055,6.58394944332902,655,189
"302510","Ryse: Son of Rome",1000,748,138,114,74.8,13.8,11.4,6.01878476878459,8.0471895621705,6.66422376907894,748,138
"303390","Dead Bits",1000,466,355,179,46.6,35.5,17.9,0.810762315340243,0,7.55437127480207,466,355
"304240","Resident Evil",1000,596,246,158,59.6,24.6,15.8,3.56769351034991,5.49306144334055,7.4196484726069,596,246
"304390","FOR HONOR",1000,458,389,153,45.8,38.9,15.3,0.388872915360251,0,7.58781199172121,458,389
"304430","INSIDE",1000,796,113,91,79.6,11.3,9.1,6.63907745207104,8.0471895621705,6.16196062310837,796,113
"305620","The Long Dark",1000,658,207,135,65.8,20.7,13.5,4.19426186051594,6.93147180559945,7.38282875334679,658,207
"306130","The Elder Scrolls Online",1000,659,201,140,65.9,20.1,14,4.38093759900542,6.93147180559945,7.3724012380959,659,201
"307690","Sleeping Dogs: Definitive Edition",1000,710,125,165,71,12.5,16.5,5.54299795252459,6.93147180559945,6.3651593244394,710,125
"307780","Mortal Kombat X",1000,655,190,155,65.5,19,15.5,4.11946503721702,6.93147180559945,6.61557782032038,655,190
"310950","Street Fighter V",1000,574,266,160,57.4,26.6,16,2.81964857806475,4.47939867307014,7.26313796856848,574,266
"311210","Call of Duty: Black Ops III",1000,669,173,158,66.9,17.3,15.8,4.04867419317422,6.93147180559945,6.3793065642161,669,173
"311340","METAL GEAR SOLID V: GROUND ZEROES",1000,650,175,175,65,17.5,17.5,4.27977171761131,5.49306144334055,6.63178029850568,650,175
"311690","Enter the Gungeon",1000,626,231,143,62.6,23.1,14.3,3.7850222876863,5.49306144334055,7.05798739106874,626,231
"312520","Rain World",1000,617,224,159,61.7,22.4,15.9,3.48502947628261,5.49306144334055,6.9106613230423,617,224
"312660","Sniper Elite 4",1000,680,181,139,68,18.1,13.9,4.76124215064942,6.93147180559945,6.76232568548382,680,181
"314160","Microsoft Flight Simulator X: Steam Edition",1000,714,124,162,71.4,12.4,16.2,5.19945288014026,6.93147180559945,5.77476296622338,714,124
"319510","Five Nights at Freddy's",1000,523,218,259,52.3,21.8,25.9,2.60270057556733,3.46573590279973,6.47260284214162,523,218
"320","Half-Life 2: Deathmatch",1000,623,192,185,62.3,19.2,18.5,3.58764058516605,5.49306144334055,6.21766562701446,623,192
"322170","Geometry Dash",1000,608,210,182,60.8,21,18.2,3.20530320836678,5.49306144334055,6.1037454174078,608,210
"322330","Don't Starve Together",1000,625,215,160,62.5,21.5,16,3.6894016499213,5.49306144334055,6.93031697965174,625,215
"322500","SUPERHOT",1000,802,109,89,80.2,10.9,8.9,5.46877749730704,6.93147180559945,5.60019583535996,802,109
"323190","Frostpunk",1000,690,164,146,69,16.4,14.6,4.64447156253548,6.93147180559945,6.68000741488662,690,164
"323470","DRAGON BALL XENOVERSE",1000,712,157,131,71.2,15.7,13.1,5.14847752545092,6.93147180559945,6.73182036033702,712,157
"323580","Jotun: Valhalla Edition",1000,743,186,71,74.3,18.6,7.1,5.66555820724496,8.0471895621705,7.51972096890139,743,186
"32370","STAR WARS Knights of the Old Republic",1000,790,104,106,79,10.4,10.6,6.26516852348859,6.93147180559945,5.87150471402882,790,104
"323850","Move or Die",1000,623,242,135,62.3,24.2,13.5,3.49580570159527,5.49306144334055,7.14644448574225,623,242
"3240220","Grand Theft Auto V Enhanced",1000,554,261,185,55.4,26.1,18.5,2.23547804673024,3.46573590279973,6.97205375730641,554,261
"3241660","R.E.P.O.",1000,713,157,130,71.3,15.7,13,5.14827313599345,6.93147180559945,6.41158326361753,713,157
"32430","STAR WARS - The Force Unleashed Ultimate Sith Edition",1000,633,245,122,63.3,24.5,12.2,3.46570951372049,5.49306144334055,7.59983783071153,633,245
"32470","STAR WARS Empire at War - Gold Pack",1000,825,78,97,82.5,7.8,9.7,6.41701580541273,8.0471895621705,5.21768565691002,825,78
"324800","Shadow Warrior 2",1000,639,233,128,63.9,23.3,12.8,4.01258037187991,6.93147180559945,7.6401248742441,639,233
"325610","Total War: ATTILA",1000,601,241,158,60.1,24.1,15.8,2.88312098226482,5.49306144334055,6.9295283285833,601,241
"33230","Assassin's Creed 2",1000,695,185,120,69.5,18.5,12,4.96131303721494,6.93147180559945,7.06283382769017,695,185
"334230","Town of Salem",1000,546,331,123,54.6,33.1,12.3,1.64903861642108,3.46573590279973,7.73429072690125,546,331
"335300","DARK SOULS II: Scholar of the First Sin",1000,490,356,154,49,35.6,15.4,1.14772280291621,0,7.88490845444594,490,356
"337000","Deus Ex: Mankind Divided",1000,678,193,129,67.8,19.3,12.9,4.79675004584405,6.93147180559945,7.28608513631349,678,193
"33930","Arma 2: Operation Arrowhead",1000,630,195,175,63,19.5,17.5,3.76016074226328,5.49306144334055,6.58762028182856,630,195
"34030","Total War: NAPOLEON – Definitive Edition",1000,657,191,152,65.7,19.1,15.2,4.08465047466302,5.49306144334055,6.61446520551777,657,191
"341800","Keep Talking and Nobody Explodes",1000,651,186,163,65.1,18.6,16.3,4.34585973911147,6.93147180559945,6.38902817905991,651,186
"34330","Total War: SHOGUN 2",1000,665,191,144,66.5,19.1,14.4,4.10455328451336,5.49306144334055,6.52991436646526,665,191
"346110","ARK: Survival Evolved",1000,497,340,163,49.7,34,16.3,1.41634606339754,0,7.22454320898461,497,340
"34870","Sniper: Ghost Warrior 2",1000,645,249,106,64.5,24.9,10.6,3.59764807171213,6.93147180559945,7.37907640505152,645,249
"349040","NARUTO SHIPPUDEN: Ultimate Ninja STORM 4",1000,698,132,170,69.8,13.2,17,5.01664419707953,6.93147180559945,6.32629058487833,698,132
"350640","Sherlock Holmes: The Devil's Daughter",1000,710,189,101,71,18.9,10.1,5.21403960544306,6.93147180559945,7.23813389502986,710,189
"35140","Batman: Arkham Asylum Game of the Year Edition",1000,721,143,136,72.1,14.3,13.6,5.54093864995452,6.93147180559945,6.64716804851868,721,143
"35450","Red Orchestra 2: Heroes of Stalingrad with Rising Storm",1000,595,244,161,59.5,24.4,16.1,2.87013260781461,5.49306144334055,6.98820988640658,595,244
"356190","Middle-earth: Shadow of War",1000,665,211,124,66.5,21.1,12.4,4.14150639390674,6.93147180559945,7.46372454241063,665,211
"35700","Trine Enchanted Edition",1000,850,80,70,85,8,7,7.85750494596516,8.95879734614027,5.79962345533704,850,80
"35720","Trine 2: Complete Story",1000,848,82,70,84.8,8.2,7,7.91962646824551,8.95879734614027,5.84283874010998,848,82
"3590","Plants vs. Zombies GOTY Edition",1000,670,109,221,67,10.9,22.1,4.95102858238167,6.93147180559945,5.7458151775435,670,109
"359320","Elite Dangerous",1000,673,223,104,67.3,22.3,10.4,3.99269048945317,5.49306144334055,7.35311099735383,673,223
"359550","Tom Clancy's Rainbow Six Siege",1000,438,387,175,43.8,38.7,17.5,0.2576353331683,0,7.27513851935317,438,387
"360","Half-Life Deathmatch: Source",1000,536,249,215,53.6,24.9,21.5,2.41469950939135,3.46573590279973,6.5755524744751,536,249
"360430","Mafia III: Definitive Edition",1000,538,322,140,53.8,32.2,14,2.11015693344701,3.46573590279973,8.08906298085459,538,322
"361420","ASTRONEER",1000,729,160,111,72.9,16,11.1,5.33720094573699,6.93147180559945,6.79032971025122,729,160
"362890","Black Mesa",1000,771,125,104,77.1,12.5,10.4,6.21740899812412,8.0471895621705,6.55923972829346,771,125
"364360","Total War: WARHAMMER",1000,623,227,150,62.3,22.7,15,3.40418966912178,5.49306144334055,7.03265708227208,623,227
"365590","Tom Clancy’s The Division",1000,677,197,126,67.7,19.7,12.6,4.41924798882718,6.93147180559945,7.08105865213784,677,197
"367500","Dragon's Dogma: Dark Arisen",1000,664,211,125,66.4,21.1,12.5,4.52000685992788,6.93147180559945,7.31055106156442,664,211
"367520","Hollow Knight",1000,665,181,154,66.5,18.1,15.4,4.57758721547737,6.93147180559945,6.58938772550822,665,181
"368260","Marvel's Midnight Suns",1000,836,106,58,83.6,10.6,5.8,8.22682298262216,9.72955074527657,6.73002654732566,836,106
"368500","Assassin's Creed Syndicate",1000,664,203,133,66.4,20.3,13.3,4.64324819108023,6.93147180559945,7.45115378482648,664,203
"373420","Divinity: Original Sin - Enhanced Edition",1000,735,174,91,73.5,17.4,9.1,5.59664982722465,8.0471895621705,7.39988180770948,735,174
"374040","Portal Knights",1000,787,103,110,78.7,10.3,11,6.33816018931302,8.0471895621705,6.01845147628553,787,103
"374320","DARK SOULS III",1000,647,195,158,64.7,19.5,15.8,4.08948113678697,5.49306144334055,6.77773931268954,647,195
"377160","Fallout 4",1000,673,183,144,67.3,18.3,14.4,4.41000181320284,6.93147180559945,6.68899978734813,673,183
"378540","The Surge",1000,614,305,81,61.4,30.5,8.1,3.10569018145125,5.49306144334055,8.54848481268213,614,305
"379430","Kingdom Come: Deliverance",1000,640,248,112,64,24.8,11.2,3.5885060225824,5.49306144334055,7.92291564234612,640,248
"379720","DOOM",1000,576,265,159,57.6,26.5,15.9,2.9273396082752,5.49306144334055,7.21047073126613,576,265
"381210","Dead by Daylight",1000,474,363,163,47.4,36.3,16.3,0.91721620280633,0,7.66017986922686,474,363
"383150","Dead Island Definitive Edition",1000,592,286,122,59.2,28.6,12.2,2.7214472742644,5.49306144334055,7.86825383136747,592,286
"383870","Firewatch",1000,804,121,75,80.4,12.1,7.5,6.54081109480966,8.0471895621705,6.29464173483823,804,121
"38400","Fallout: A Post Nuclear Role Playing Game",1000,681,184,135,68.1,18.4,13.5,4.65734748441564,6.93147180559945,6.81565069601468,681,184
"386940","Ultimate Chicken Horse",1000,661,155,184,66.1,15.5,18.4,4.55468018376058,6.93147180559945,6.3042231815728,661,155
"387290","Ori and the Blind Forest: Definitive Edition",1000,784,141,75,78.4,14.1,7.5,6.88939106834822,8.95879734614027,6.9710698108579,784,141
"388410","Darksiders II Deathinitive Edition",1000,665,226,109,66.5,22.6,10.9,4.28723148824674,6.93147180559945,7.50664240334114,665,226
"389730","TEKKEN 7",1000,628,203,169,62.8,20.3,16.9,3.67355364199272,5.49306144334055,6.75115609773059,628,203
"3910","Sid Meier's Civilization III Complete",1000,730,123,147,73,12.3,14.7,5.23937802871333,6.93147180559945,5.88606114028746,730,123
"391220","Rise of the Tomb Raider",1000,802,91,107,80.2,9.1,10.7,7.12508080115445,8.95879734614027,6.13229344214075,802,91
"391540","Undertale",1000,674,162,164,67.4,16.2,16.4,4.57395478736327,6.93147180559945,6.32516618928849,674,162
"391720","Layers of Fear (2016)",1000,580,268,152,58,26.8,15.2,2.88532643058861,5.49306144334055,7.71851082755776,580,268
"39210","FINAL FANTASY XIV Online",1000,567,294,139,56.7,29.4,13.9,2.97435912980701,5.49306144334055,8.23178933202053,567,294
"392110","ENDLESS Space 2",1000,724,157,119,72.4,15.7,11.9,5.58745110647947,6.93147180559945,6.96411149741599,724,157
"393380","Squad",1000,441,408,151,44.1,40.8,15.1,0.407799983427477,0,7.74684043769657,441,408
"394360","Hearts of Iron IV",1000,521,249,230,52.1,24.9,23,2.28682809266011,3.46573590279973,6.65448934819538,521,249
"394510","HELLDIVERS Dive Harder Edition",1000,694,180,126,69.4,18,12.6,4.69542452791989,6.93147180559945,6.66958543429647,694,180
"39500","Gothic 3",1000,609,252,139,60.9,25.2,13.9,3.36303650885006,5.49306144334055,7.77950465134971,609,252
"395170","DISTRAINT: Deluxe Edition",1000,733,171,96,73.3,17.1,9.6,5.39567834811441,6.93147180559945,7.09962099859222,733,171
"397540","Borderlands 3",1000,637,245,118,63.7,24.5,11.8,3.90756234399757,6.93147180559945,7.5331798615272,637,245
"40","Deathmatch Classic",1000,634,199,167,63.4,19.9,16.7,3.85388889393699,5.49306144334055,6.56037292692373,634,199
"400","Portal",1000,725,100,175,72.5,10,17.5,5.81827111728723,6.93147180559945,5.67038760205076,725,100
"4000","Garry's Mod",1000,677,134,189,67.7,13.4,18.9,4.55681011445698,6.93147180559945,5.71490959234457,677,134
"403640","Dishonored 2",1000,757,141,102,75.7,14.1,10.2,6.13809064556324,8.0471895621705,6.78147445010555,757,141
"407530","ARK: Survival Of The Fittest",1000,605,263,132,60.5,26.3,13.2,2.98008053160485,5.49306144334055,6.72042410753515,605,263
"40800","Super Meat Boy",1000,623,225,152,62.3,22.5,15.2,3.81355367993367,5.49306144334055,6.84082598668457,623,225
"409710","BioShock Remastered",1000,687,163,150,68.7,16.3,15,5.12193157605341,6.93147180559945,6.85500910363563,687,163
"409720","BioShock 2 Remastered",1000,720,166,114,72,16.6,11.4,5.44093300205042,6.93147180559945,7.01303181556813,720,166
"40990","Mafia",1000,614,222,164,61.4,22.2,16.4,3.80043545667374,5.49306144334055,7.4173702427172,614,222
"41000","Serious Sam HD: The First Encounter",1000,662,195,143,66.2,19.5,14.3,4.32226859787421,6.93147180559945,6.93395607696099,662,195
"410320","EARTH DEFENSE FORCE 4.1 The Shadow of New Despair",1000,557,248,195,55.7,24.8,19.5,2.58668041144368,3.46573590279973,6.70911787689139,557,248
"41070","Serious Sam 3: BFE",1000,583,276,141,58.3,27.6,14.1,2.86314765774864,5.49306144334055,7.79281525548349,583,276
"412020","Metro Exodus",1000,703,163,134,70.3,16.3,13.4,5.41291670311737,6.93147180559945,7.10280612858346,703,163
"413150","Stardew Valley",1000,774,91,135,77.4,9.1,13.5,6.22313949437288,6.93147180559945,5.59624008809632,774,91
"414340","Hellblade: Senua's Sacrifice",1000,734,173,93,73.4,17.3,9.3,5.69550416746108,8.0471895621705,7.33951873346161,734,173
"414700","Outlast 2",1000,469,378,153,46.9,37.8,15.3,0.55365279477386,0,7.88932990387399,469,378
"41500","Torchlight",1000,773,123,104,77.3,12.3,10.4,6.24741847754496,8.0471895621705,6.42185313778869,773,123
"418240","Shadow Tactics: Blades of the Shogun",1000,827,89,84,82.7,8.9,8.4,7.38651898668215,8.95879734614027,6.06015006132017,827,89
"418370","Resident Evil 7 Biohazard",1000,564,263,173,56.4,26.3,17.3,2.83677796219394,5.49306144334055,7.18399886143374,564,263
"424370","Wolcen: Lords of Mayhem",1000,614,304,82,61.4,30.4,8.2,3.18426969157413,5.49306144334055,7.96412665528538,614,304
"424840","Little Nightmares",1000,747,140,113,74.7,14,11.3,5.6358570178706,6.93147180559945,6.31848868199076,747,140
"42680","Call of Duty: Modern Warfare 3 (2011)",1000,660,205,135,66,20.5,13.5,3.8584841047059,5.49306144334055,6.67845372810543,660,205
"42700","Call of Duty: Black Ops",1000,619,175,206,61.9,17.5,20.6,3.88274256392888,5.49306144334055,6.43234049268413,619,175
"427520","Factorio",1000,646,133,221,64.6,13.3,22.1,4.38782646027986,5.49306144334055,5.80589800595788,646,133
"427730","Who's Your Daddy?!",1000,558,217,225,55.8,21.7,22.5,2.87181888161379,3.46573590279973,6.55472700242635,558,217
"42910","Magicka",1000,614,241,145,61.4,24.1,14.5,3.3865911957245,5.49306144334055,6.8854059415443,614,241
"431240","Golf With Your Friends",1000,582,254,164,58.2,25.4,16.4,2.78475092801368,5.49306144334055,6.85163984159491,582,254
"433340","Slime Rancher",1000,760,90,150,76,9,15,6.35812020800951,8.0471895621705,5.79607176149989,760,90
"434650","Lost Castle / 失落城堡",1000,711,203,86,71.1,20.3,8.6,4.78784493989541,6.93147180559945,7.5248854080578,711,203
"435150","Divinity: Original Sin 2 - Definitive Edition",1000,737,160,103,73.7,16,10.3,5.55068975849673,6.93147180559945,7.02572180115848,737,160
"440900","Conan Exiles",1000,673,220,107,67.3,22,10.7,4.20576452743869,6.93147180559945,7.31221621061058,673,220
"446800","Transport Fever",1000,758,133,109,75.8,13.3,10.9,5.59202245025308,6.93147180559945,6.1413915006006,758,133
"447020","Farming Simulator 17",1000,768,88,144,76.8,8.8,14.4,5.86433620836721,6.93147180559945,5.39183796917145,768,88
"447040","Watch_Dogs 2",1000,647,215,138,64.7,21.5,13.8,4.08754919313807,6.21226662447,7.22224431582269,647,215
"448510","Overcooked",1000,731,145,124,73.1,14.5,12.4,5.46510705263812,6.93147180559945,6.27958248822063,731,145
"454650","DRAGON BALL XENOVERSE 2",1000,655,169,176,65.5,16.9,17.6,4.3170273643609,6.93147180559945,6.57182420802202,655,169
"4560","Company of Heroes - Legacy Edition",1000,767,128,105,76.7,12.8,10.5,5.65667093279622,6.93147180559945,5.96720594819244,767,128
"457140","Oxygen Not Included",1000,666,188,146,66.6,18.8,14.6,4.49766018062358,6.93147180559945,6.58817898188881,666,188
"460790","Bayonetta",1000,602,222,176,60.2,22.2,17.6,3.69199237074687,5.49306144334055,6.94396058480048,602,222
"460920","Steep",1000,661,181,158,66.1,18.1,15.8,4.4145862365679,6.93147180559945,6.66048542983127,661,181
"460930","Tom Clancy's Ghost Recon Wildlands",1000,576,283,141,57.6,28.3,14.1,2.70927325645084,5.49306144334055,7.92108668859683,576,283
"460950","Katana ZERO",1000,707,147,146,70.7,14.7,14.6,5.57006052979916,6.93147180559945,6.46343824224034,707,147
"462780","Darksiders Warmastered Edition",1000,682,207,111,68.2,20.7,11.1,4.65580778984768,6.93147180559945,7.41078501855197,682,207
"466560","Northgard",1000,730,162,108,73,16.2,10.8,5.50757092428515,8.0471895621705,7.01943730950333,730,162
"4700","Total War: MEDIEVAL II – Definitive Edition",1000,703,158,139,70.3,15.8,13.9,4.42635145610942,6.93147180559945,6.11107262711855,703,158
"470220","UNO",1000,422,380,198,42.2,38,19.8,0.122864333010244,0,7.08222397283148,422,380
"474960","Quantum Break",1000,768,145,87,76.8,14.5,8.7,6.57202778016162,8.95879734614027,7.2348047395457,768,145
"475150","Titan Quest Anniversary Edition",1000,726,153,121,72.6,15.3,12.1,5.36712698793127,6.93147180559945,6.778244650471,726,153
"477160","Human Fall Flat",1000,701,122,177,70.1,12.2,17.7,5.36370707932076,6.93147180559945,6.05948001925527,701,122
"47790","Medal of Honor",1000,700,182,118,70,18.2,11.8,4.92235372312695,6.93147180559945,7.19776346617642,700,182
"47810","Dragon Age: Origins - Ultimate Edition",1000,737,151,112,73.7,15.1,11.2,5.73426360316084,6.93147180559945,6.66355123325503,737,151
"47890","The Sims 3",1000,679,164,157,67.9,16.4,15.7,4.65767092695022,6.93147180559945,6.27464520261483,679,164
"48000","LIMBO",1000,721,173,106,72.1,17.3,10.6,5.12108617906353,6.93147180559945,6.71112547090149,721,173
"48190","Assassin’s Creed Brotherhood",1000,707,174,119,70.7,17.4,11.9,4.88392570034477,6.93147180559945,7.04259761338359,707,174
"485510","Nioh: Complete Edition",1000,615,292,93,61.5,29.2,9.3,3.10349882634326,5.49306144334055,8.18833900637103,615,292
"48700","Mount & Blade: Warband",1000,689,136,175,68.9,13.6,17.5,4.66745821655154,6.93147180559945,6.13051458877717,689,136
"488790","South Park: The Fractured But Whole",1000,689,181,130,68.9,18.1,13,5.10007346006133,6.93147180559945,7.14664664205333,689,181
"489830","The Elder Scrolls V: Skyrim Special Edition",1000,647,120,233,64.7,12,23.3,4.43852100485566,5.49306144334055,6.08062222634229,647,120
"4920","Natural Selection 2",1000,692,198,110,69.2,19.8,11,4.49434192820125,6.93147180559945,7.2006704544182,692,198
"492720","Tropico 6",1000,744,157,99,74.4,15.7,9.9,5.77838813911988,6.93147180559945,6.76169151100153,744,157
"493340","Planet Coaster",1000,751,136,113,75.1,13.6,11.3,5.65121049496673,6.93147180559945,6.16824436275475,751,136
"49520","Borderlands 2",1000,679,194,127,67.9,19.4,12.7,4.29481945223671,6.93147180559945,6.76095247426715,679,194
"495420","State of Decay 2: Juggernaut Edition",1000,668,220,112,66.8,22,11.2,3.99674459018743,6.93147180559945,7.31209492900296,668,220
"50","Half-Life: Opposing Force",1000,646,183,171,64.6,18.3,17.1,4.14364583699953,5.49306144334055,6.71911805764686,646,183
"500","Left 4 Dead",1000,648,200,152,64.8,20,15.2,3.93510810394967,6.93147180559945,6.61589013225179,648,200
"50130","Mafia II (Classic)",1000,634,173,193,63.4,17.3,19.3,4.40546002858604,5.49306144334055,6.73993361533945,634,173
"502500","ACE COMBAT 7: SKIES UNKNOWN",1000,682,191,127,68.2,19.1,12.7,4.66221760259439,6.93147180559945,6.98089780340366,682,191
"504230","Celeste",1000,716,156,128,71.6,15.6,12.8,5.5276256867113,6.93147180559945,6.56577066830532,716,156
"50620","Darksiders",1000,675,209,116,67.5,20.9,11.6,4.49133771425292,6.93147180559945,7.37269767539235,675,209
"509980","BIGFOOT",1000,613,255,132,61.3,25.5,13.2,3.06895739118231,5.49306144334055,6.86751808785168,613,255
"513710","SCUM",1000,520,361,119,52,36.1,11.9,1.42516640995645,3.46573590279973,8.41846892900262,520,361
"518790","theHunter: Call of the Wild",1000,743,144,113,74.3,14.4,11.3,5.53261654995235,6.93147180559945,6.35793557717232,743,144
"519860","DUSK",1000,693,177,130,69.3,17.7,13,4.96817959083644,6.93147180559945,6.83922500097257,693,177
"524220","NieR:Automata",1000,648,201,151,64.8,20.1,15.1,4.4153838507607,6.93147180559945,7.36801064054608,648,201
"526870","Satisfactory",1000,699,135,166,69.9,13.5,16.6,5.1582975520843,6.93147180559945,6.08011353728619,699,135
"527230","For The King",1000,708,180,112,70.8,18,11.2,4.91053074314992,6.93147180559945,6.94401310988979,708,180
"527430","Warhammer 40,000: Inquisitor - Martyr",1000,747,169,84,74.7,16.9,8.4,5.670491034989,8.0471895621705,6.93502026002066,747,169
"529340","Victoria 3",1000,642,218,140,64.2,21.8,14,3.83052302728955,5.49306144334055,7.15689140694671,642,218
"532210","Life is Strange 2",1000,733,175,92,73.3,17.5,9.2,5.33414142962016,6.93147180559945,7.07139994032396,733,175
"534380","Dying Light 2 Stay Human: Reloaded Edition",1000,572,330,98,57.2,33,9.8,2.11352392225294,5.49306144334055,8.39165189268446,572,330
"535930","Two Point Hospital",1000,802,88,110,80.2,8.8,11,6.85561628358669,8.0471895621705,5.81425899805246,802,88
"544750","SOULCALIBUR VI",1000,648,212,140,64.8,21.2,14,4.03292961564538,5.49306144334055,7.18145970174716,648,212
"546560","Half-Life: Alyx",1000,797,93,110,79.7,9.3,11,6.71272373367222,8.0471895621705,5.65868829758548,797,93
"548430","Deep Rock Galactic",1000,628,155,217,62.8,15.5,21.7,4.68188646244403,6.93147180559945,6.53854739189738,628,155
"550","Left 4 Dead 2",1000,600,222,178,60,22.2,17.8,3.36971003870407,5.49306144334055,6.60744700011023,600,222
"55100","Homefront",1000,518,356,126,51.8,35.6,12.6,1.37135825792106,3.46573590279973,8.33721541553069,518,356
"55110","Red Faction: Armageddon",1000,575,322,103,57.5,32.2,10.3,2.35276734840032,5.49306144334055,8.27078228847521,575,322
"552100","Brick Rigs",1000,748,124,128,74.8,12.4,12.8,5.40744721781862,6.93147180559945,5.67745741406036,748,124
"55230","Saints Row: The Third",1000,686,156,158,68.6,15.6,15.8,4.91806364328349,6.93147180559945,6.64807393995332,686,156
"552500","Warhammer: Vermintide 2",1000,596,252,152,59.6,25.2,15.2,3.28052750890376,5.49306144334055,7.51566209630044,596,252
"552520","Far Cry 5",1000,611,255,134,61.1,25.5,13.4,3.24439970431371,5.49306144334055,7.66463209767042,611,255
"553850","HELLDIVERS 2",1000,590,253,157,59,25.3,15.7,2.88115164394413,5.49306144334055,7.25168638434649,590,253
"554620","Life is Strange: Before the Storm",1000,720,166,114,72,16.6,11.4,5.32904661302763,6.93147180559945,6.77617683592979,720,166
"560130","Pillars of Eternity II: Deadfire",1000,837,98,65,83.7,9.8,6.5,7.68178321858786,8.95879734614027,6.55744715727179,837,98
"569480","Kingdoms and Castles",1000,840,84,76,84,8.4,7.6,7.09501930558874,8.0471895621705,5.43126288726296,840,84
"570940","DARK SOULS: REMASTERED",1000,615,231,154,61.5,23.1,15.4,3.43723845186811,5.49306144334055,7.32132500992292,615,231
"57300","Amnesia: The Dark Descent",1000,580,250,170,58,25,17,2.96400243888292,5.49306144334055,7.42605962223859,580,250
"57690","Tropico 4",1000,803,89,108,80.3,8.9,10.8,6.7822569845091,8.0471895621705,5.79223629711367,803,89
"581320","Insurgency: Sandstorm",1000,564,277,159,56.4,27.7,15.9,2.66437526450074,5.49306144334055,7.28812282998165,564,277
"582010","Monster Hunter: World",1000,657,168,175,65.7,16.8,17.5,4.47505013393305,6.93147180559945,6.90477089097841,657,168
"582160","Assassin's Creed Origins",1000,741,139,120,74.1,13.9,12,5.9143239575374,6.93147180559945,6.97285653110089,741,139
"582660","Black Desert",1000,582,263,155,58.2,26.3,15.5,3.25077005312223,5.49306144334055,7.4700795798666,582,263
"588650","Dead Cells",1000,646,209,145,64.6,20.9,14.5,4.17613746720642,6.93147180559945,6.99531654077782,646,209
"594570","Total War: WARHAMMER II",1000,651,229,120,65.1,22.9,12,3.83072858755118,5.49306144334055,6.93528219817243,651,229
"594650","Hunt: Showdown 1896",1000,543,325,132,54.3,32.5,13.2,2.08442014798176,3.46573590279973,8.03610973889991,543,325
"6000","STAR WARS Republic Commando",1000,712,128,160,71.2,12.8,16,5.34770396592965,6.93147180559945,6.1222161547299,712,128
"601150","Devil May Cry 5",1000,588,219,193,58.8,21.9,19.3,3.43383548134972,5.49306144334055,6.67187137285179,588,219
"601430","The Evil Within 2",1000,664,212,124,66.4,21.2,12.4,4.1330537046788,6.93147180559945,7.59423962497604,664,212
"603850","Age of History II",1000,657,169,174,65.7,16.9,17.4,4.35595246107729,6.93147180559945,6.38647421147387,657,169
"6060","STAR WARS Battlefront II (Classic, 2005)",1000,723,136,141,72.3,13.6,14.1,5.37967120942119,6.93147180559945,6.16114012419524,723,136
"606150","Moonlighter",1000,710,193,97,71,19.3,9.7,5.18676033663445,8.0471895621705,7.59634183566321,710,193
"606280","Darksiders III",1000,619,295,86,61.9,29.5,8.6,3.32140088590203,6.93147180559945,8.72929581880825,619,295
"612880","Wolfenstein II: The New Colossus",1000,572,309,119,57.2,30.9,11.9,2.46694526739569,5.49306144334055,8.02397072445465,572,309
"613100","House Flipper",1000,783,101,116,78.3,10.1,11.6,6.35441510014742,8.0471895621705,5.67955316744901,783,101
"617290","Remnant: From the Ashes",1000,680,226,94,68,22.6,9.4,4.71538558482837,6.93147180559945,7.65826273593331,680,226
"620","Portal 2",1000,706,126,168,70.6,12.6,16.8,5.46777614319895,6.93147180559945,6.18391182578226,706,126
"620980","Beat Saber",1000,707,145,148,70.7,14.5,14.8,5.10014560768175,6.93147180559945,6.2962159713968,707,145
"629730","Blade and Sorcery",1000,690,178,132,69,17.8,13.2,4.69474648751104,6.93147180559945,6.47121755481003,690,178
"629760","MORDHAU",1000,495,373,132,49.5,37.3,13.2,1.14161822426757,0,7.92127233564055,495,373
"632360","Risk of Rain 2",1000,611,216,173,61.1,21.6,17.3,3.5807958990888,5.49306144334055,6.61533169528613,611,216
"632470","Disco Elysium - The Final Cut",1000,659,206,135,65.9,20.6,13.5,4.36207971174294,6.93147180559945,7.18346554212931,659,206
"633230","NARUTO TO BORUTO: SHINOBI STRIKER",1000,626,230,144,62.6,23,14.4,3.51848261315701,5.49306144334055,7.41422872312627,626,230
"637090","BATTLETECH",1000,777,127,96,77.7,12.7,9.6,6.1558348742448,8.0471895621705,6.60072717464571,777,127
"637650","FINAL FANTASY XV WINDOWS EDITION",1000,708,186,106,70.8,18.6,10.6,5.1868900315691,6.93147180559945,7.43500660967938,708,186
"640590","The LEGO NINJAGO Movie Video Game",1000,701,160,139,70.1,16,13.9,5.22600237452029,6.93147180559945,6.79230890476294,701,160
"640820","Pathfinder: Kingmaker — Enhanced Plus Edition",1000,674,260,66,67.4,26,6.6,3.96723868200908,6.93147180559945,8.46391621805897,674,260
"641990","The Escapists 2",1000,623,214,163,62.3,21.4,16.3,3.70795579776301,5.49306144334055,6.69959257100906,623,214
"644930","They Are Billions",1000,638,265,97,63.8,26.5,9.7,3.11884746811653,5.49306144334055,7.76273432915412,638,265
"645630","Car Mechanic Simulator 2018",1000,708,127,165,70.8,12.7,16.5,4.99443865662447,6.93147180559945,5.77133334827731,708,127
"646570","Slay the Spire",1000,726,117,157,72.6,11.7,15.7,5.46821355023615,6.93147180559945,5.82780061194672,726,117
"646910","The Crew 2",1000,632,221,147,63.2,22.1,14.7,3.90233569077872,6.21226662447,7.1325880133704,632,221
"648350","Jurassic World Evolution",1000,785,111,104,78.5,11.1,10.4,6.18606929763313,8.0471895621705,5.95319165968293,785,111
"648800","Raft",1000,723,162,115,72.3,16.2,11.5,5.28327688491196,6.93147180559945,6.60641832007765,723,162
"65800","Dungeon Defenders",1000,800,89,111,80,8.9,11.1,6.46422026609151,8.0471895621705,5.68006687186128,800,89
"65930","The Bureau: XCOM Declassified",1000,625,258,117,62.5,25.8,11.7,3.67419292366663,5.49306144334055,7.97471696927926,625,258
"65980","Sid Meier's Civilization: Beyond Earth",1000,698,175,127,69.8,17.5,12.7,4.98339866793754,6.93147180559945,6.70494410888508,698,175
"668580","Atomic Heart",1000,636,269,95,63.6,26.9,9.5,3.79260480890368,6.93147180559945,8.5016850698218,636,269
"67370","The Darkness II",1000,702,179,119,70.2,17.9,11.9,5.00256984346417,6.93147180559945,6.8455878209614,702,179
"673950","Farm Together",1000,792,82,126,79.2,8.2,12.6,6.85146285838087,8.0471895621705,5.79639010838335,792,82
"674940","Stick Fight: The Game",1000,647,218,135,64.7,21.8,13.5,3.99869081508359,6.93147180559945,6.58957897070633,647,218
"678950","DRAGON BALL FighterZ",1000,622,201,177,62.2,20.1,17.7,3.6077240001832,5.49306144334055,6.57909148116079,622,201
"678960","CODE VEIN",1000,692,207,101,69.2,20.7,10.1,4.79149986246047,6.93147180559945,7.88773125748685,692,207
"680420","OUTRIDERS",1000,716,197,87,71.6,19.7,8.7,5.31275309086142,8.0471895621705,7.50982225764,716,197
"683320","GRIS",1000,848,69,83,84.8,6.9,8.3,7.91653459883437,8.95879734614027,5.5881164664482,848,69
"6850","Hitman 2: Silent Assassin",1000,613,227,160,61.3,22.7,16,3.61222312414895,5.49306144334055,7.14418421201762,613,227
"6860","Hitman: Blood Money",1000,698,158,144,69.8,15.8,14.4,4.89266225319353,6.93147180559945,6.54207086199656,698,158
"6880","Just Cause",1000,615,257,128,61.5,25.7,12.8,3.1878172777099,5.49306144334055,7.69507043428114,615,257
"690790","DiRT Rally 2.0",1000,675,161,164,67.5,16.1,16.4,4.64527114210296,6.93147180559945,6.33561756880012,675,161
"6910","Deus Ex: Game of the Year Edition",1000,668,156,176,66.8,15.6,17.6,4.6729307484914,6.93147180559945,6.68869921013091,668,156
"692850","Bloodstained: Ritual of the Night",1000,749,155,96,74.9,15.5,9.6,5.98020911794478,8.0471895621705,7.3645904137711,749,155
"699130","World War Z",1000,665,216,119,66.5,21.6,11.9,3.90102017010244,6.93147180559945,7.15455642937795,665,216
"70","Half-Life",1000,636,155,209,63.6,15.5,20.9,4.29245334263909,5.49306144334055,6.23127741351581,636,155
"701160","Kingdom Two Crowns",1000,739,146,115,73.9,14.6,11.5,5.88536781628432,8.0471895621705,6.88239897565727,739,146
"703080","Planet Zoo",1000,826,87,87,82.6,8.7,8.7,7.154708606688,8.0471895621705,5.71458406318405,826,87
"704270","Generation Zero",1000,669,237,94,66.9,23.7,9.4,4.09680824567965,6.93147180559945,7.83735160709476,669,237
"704850","Thief Simulator",1000,679,185,136,67.9,18.5,13.6,4.38101532203701,6.93147180559945,6.60008157395914,679,185
"728880","Overcooked! 2",1000,666,186,148,66.6,18.6,14.8,4.29851151568382,6.93147180559945,6.43330181388631,666,186
"740130","Tales of Arise",1000,745,190,65,74.5,19,6.5,5.87914664524392,8.0471895621705,7.96834873708412,745,190
"747660","Five Nights at Freddy's: Security Breach",1000,634,206,160,63.4,20.6,16,3.8464024330245,5.49306144334055,6.93271626821676,634,206
"752590","A Plague Tale: Innocence",1000,771,151,78,77.1,15.1,7.8,6.37428553026158,8.95879734614027,7.26464016360213,771,151
"753640","Outer Wilds",1000,748,116,136,74.8,11.6,13.6,5.93871430369596,6.93147180559945,6.06662152014646,748,116
"7670","BioShock",1000,688,172,140,68.8,17.2,14,4.88500804701504,6.93147180559945,6.8941918035351,688,172
"774361","Blasphemous",1000,599,275,126,59.9,27.5,12.6,3.17689850906488,5.49306144334055,7.896777130568,599,275
"775500","SCARLET NEXUS",1000,712,200,88,71.2,20,8.8,5.13524804223824,6.93147180559945,7.98255437878825,712,200
"779340","Total War: THREE KINGDOMS",1000,671,218,111,67.1,21.8,11.1,4.1814019877964,6.93147180559945,7.23571004282737,671,218
"782330","DOOM Eternal",1000,549,275,176,54.9,27.5,17.6,2.28417609520641,3.46573590279973,7.2852113609439,549,275
"787860","Farming Simulator 19",1000,776,78,146,77.6,7.8,14.6,5.95727797969197,6.93147180559945,5.20603455537164,776,78
"788100","Neon Abyss",1000,751,149,100,75.1,14.9,10,5.64128477662507,8.0471895621705,6.84583399544652,751,149
"794260","Outward Definitive Edition",1000,593,327,80,59.3,32.7,8,2.4408760348078,5.49306144334055,8.47757933966477,593,327
"80","Counter-Strike: Condition Zero",1000,626,207,167,62.6,20.7,16.7,3.61541716398153,5.49306144334055,6.51648996021373,626,207
"805550","Assetto Corsa Competizione",1000,761,111,128,76.1,11.1,12.8,5.99791194775515,6.93147180559945,5.94614747192778,761,111
"812140","Assassin's Creed Odyssey",1000,767,145,88,76.7,14.5,8.8,6.16362227486499,8.0471895621705,7.09947850467218,767,145
"813780","Age of Empires II: Definitive Edition",1000,755,98,147,75.5,9.8,14.7,5.80696780422611,6.93147180559945,5.5911088655289,755,98
"814380","Sekiro: Shadows Die Twice - GOTY Edition",1000,603,242,155,60.3,24.2,15.5,3.3856056395735,5.49306144334055,6.98739577809621,603,242
"8190","Just Cause 2",1000,670,176,154,67,17.6,15.4,4.4803794046526,6.93147180559945,6.6664467442968,670,176
"834910","ATLAS",1000,537,354,109,53.7,35.4,10.9,1.83209506564216,3.46573590279973,7.8783298466747,537,354
"837470","Untitled Goose Game",1000,738,130,132,73.8,13,13.2,5.82436232780882,6.93147180559945,6.2431708393952,738,130
"848450","Subnautica: Below Zero",1000,715,190,95,71.5,19,9.5,5.11873256967026,6.93147180559945,7.28254913929083,715,190
"851850","DRAGON BALL Z: KAKAROT",1000,785,112,103,78.5,11.2,10.3,6.39882954422488,8.0471895621705,6.33732974177266,785,112
"858820","Tribes of Midgard",1000,664,232,104,66.4,23.2,10.4,4.1252804988298,6.93147180559945,7.56804608200079,664,232
"881020","Granblue Fantasy: Relink",1000,771,141,88,77.1,14.1,8.8,6.5511386854409,8.0471895621705,7.06420890298867,771,141
"883710","Resident Evil 2",1000,651,204,145,65.1,20.4,14.5,4.31849760639698,6.93147180559945,7.00144463460835,651,204
"8850","BioShock 2",1000,716,141,143,71.6,14.1,14.3,5.4624512059356,6.93147180559945,6.67445652832778,716,141
"8870","BioShock Infinite",1000,665,202,133,66.5,20.2,13.3,4.67952650034199,6.93147180559945,7.63361108395147,665,202
"892970","Valheim",1000,730,171,99,73,17.1,9.9,5.33367462774934,6.93147180559945,7.08073382439664,730,171
"8930","Sid Meier's Civilization V",1000,682,152,166,68.2,15.2,16.6,4.48057950847018,6.93147180559945,6.1086947080544,682,152
"899440","GOD EATER 3",1000,662,205,133,66.2,20.5,13.3,4.26168479157031,6.93147180559945,7.53842524439488,662,205
"899770","Last Epoch",1000,710,200,90,71,20,9,5.05478819602715,6.93147180559945,7.18385088654138,710,200
"9010","Return to Castle Wolfenstein",1000,701,163,136,70.1,16.3,13.6,5.02885978181723,6.93147180559945,6.71727169785141,701,163
"920210","LEGO Star Wars: The Skywalker Saga",1000,716,165,119,71.6,16.5,11.9,5.67869243024936,8.0471895621705,7.10708317752392,716,165
"924970","Back 4 Blood",1000,585,294,121,58.5,29.4,12.1,2.87161678342395,5.49306144334055,7.75416074250388,585,294
"939960","Far Cry New Dawn",1000,608,275,117,60.8,27.5,11.7,3.22880789343321,5.49306144334055,7.8146373867372,608,275
"945360","Among Us",1000,614,213,173,61.4,21.3,17.3,3.50900167220854,5.49306144334055,6.59670589164625,614,213
"9480","Saints Row 2",1000,597,237,166,59.7,23.7,16.6,3.37945843051947,5.49306144334055,6.93410696068783,597,237
"949230","Cities: Skylines II",1000,599,272,129,59.9,27.2,12.9,3.02787723438787,5.49306144334055,7.352129358222,599,272
"952060","Resident Evil 3",1000,618,253,129,61.8,25.3,12.9,3.47978727616005,5.49306144334055,7.55601083872868,618,253
"955050","Bright Memory",1000,731,152,117,73.1,15.2,11.7,5.54385794853037,6.93147180559945,6.94436827820654,731,152
"96000","The Tiny Bang Story",1000,830,87,83,83,8.7,8.3,7.20831700578267,8.95879734614027,5.70453312346193,830,87
"962130","Grounded",1000,755,124,121,75.5,12.4,12.1,5.95132639870746,8.0471895621705,6.4782901648429,755,124
"967050","Pacify",1000,566,258,176,56.6,25.8,17.6,2.65552333311891,5.49306144334055,6.79143648066935,566,258
"972660","Spiritfarer: Farewell Edition",1000,794,133,73,79.4,13.3,7.3,6.98974143117533,8.95879734614027,6.57416196661124,794,133
"975370","Dwarf Fortress",1000,655,206,139,65.5,20.6,13.9,3.95985220721425,5.49306144334055,7.2926790706541,655,206
"976310","Mortal Kombat 11",1000,608,222,170,60.8,22.2,17,3.54070390783076,5.49306144334055,6.87825062590091,608,222
"976730","Halo: The Master Chief Collection",1000,567,226,207,56.7,22.6,20.7,3.04045058080104,5.49306144334055,6.95268111453469,567,226
"977950","A Dance of Fire and Ice",1000,687,166,147,68.7,16.6,14.7,4.72519647542057,6.93147180559945,6.24589854805688,687,166
"979690","The Ascent",1000,721,181,98,72.1,18.1,9.8,5.64154978682155,8.0471895621705,7.5753347601613,721,181
"990080","Hogwarts Legacy",1000,798,110,92,79.8,11,9.2,6.94192457852298,8.0471895621705,6.3290961924146,798,110
"996580","Spyro Reignited Trilogy",1000,771,131,98,77.1,13.1,9.8,6.45563536779209,8.0471895621705,6.79876949982321,771,131
"351940","The Descendant",980,674,168,138,68.7755102040816,17.1428571428571,14.0816326530612,4.81413923132003,6.93147180559945,6.96185922250084,674,168
"2096610","Crysis 3 Remastered",964,690,155,119,71.5767634854772,16.0788381742739,12.344398340249,5.72486372191301,6.93147180559945,7.27492636093014,690,155
"308040","Back to Bed",824,622,114,88,75.4854368932039,13.8349514563107,10.6796116504854,6.21539738601116,8.0471895621705,6.46281231224322,622,114
"1296830","暖雪 Warm Snow",813,631,113,69,77.6137761377614,13.8991389913899,8.48708487084871,6.19426600322663,8.0471895621705,6.83753347230601,631,113
"9340","Company of Heroes: Opposing Fronts",435,328,49,58,75.4022988505747,11.264367816092,13.3333333333333,5.67162967739862,6.93147180559945,5.94032220305204,328,49
"838350","The Scroll Of Taiwu",362,221,61,80,61.0497237569061,16.8508287292818,22.0994475138122,4.08848082269284,5.49306144334055,6.89663799559557,221,61
"1755910","Capcom Arcade 2nd Stadium",304,178,77,49,58.5526315789474,25.328947368421,16.1184210526316,3.42128792076806,5.49306144334055,7.5973831579544,178,77
"279720","The I of the Dragon",265,149,72,44,56.2264150943396,27.1698113207547,16.6037735849057,2.63368814882382,3.46573590279973,7.85000325946218,149,72
"253960","Jack Orlando: Director's Cut",173,92,60,21,53.1791907514451,34.6820809248555,12.1387283236994,1.96587175054435,3.46573590279973,8.31841005584364,92,60
