"game_title","total_reviews","positive_count","negative_count","neutral_count","positive_ratio","negative_ratio","neutral_ratio","avg_sentiment_score","median_sentiment_score","min_sentiment_score","max_sentiment_score","sd_sentiment_score","very_positive_count","very_negative_count","global_sales"
"Call of Duty: Black Ops",2000,1277,361,362,63.85,18.05,18.1,1.33739461305167,1,-5,5,2.23004367625183,507,72,14.64
"Call of Duty: Black Ops II",2000,1271,426,303,63.55,21.3,15.15,1.25497614705645,1.06221792392005,-5,5,2.36411640890422,517,101,14.03
"Counter-Strike: Condition Zero",1941,1195,427,319,61.5662029881504,21.9989696032973,16.4348274085523,1.03522375256063,0.752688172043011,-5,5,2.13930723740794,369,71,NA
"Call of Duty: Ghosts",1538,952,399,187,61.8985695708713,25.9427828348505,12.1586475942783,0.902895331895741,0.697674418604651,-5,5,2.18977813729074,276,72,10.21
"Medal of Honor",1028,720,187,121,70.0389105058366,18.1906614785992,11.7704280155642,1.29893009734281,0.94467108618052,-5,5,2.02101628582808,213,26,2.83
"7 Days to Die",1000,648,242,110,64.8,24.2,11,0.868436185976137,0.585379782981154,-5,5,1.96007256944256,141,37,0.12
"A Plague Tale: Innocence",1000,771,151,78,77.1,15.1,7.8,1.58368258520392,1.11111111111111,-5,5,1.98132857315541,255,13,NA
"A Story About My Uncle",1000,781,112,107,78.1,11.2,10.7,1.68546957084565,1.49094950778025,-5,5,1.94973647994319,238,11,NA
"A Way Out",1000,677,182,141,67.7,18.2,14.1,1.26772811951782,1.18034055727554,-5,5,2.38659970904589,235,59,0.48
"ARK: Survival Evolved",1000,497,340,163,49.7,34,16.3,0.535496664466151,0,-5,5,2.17755512459782,153,55,0.08
"ATLAS",1000,537,354,109,53.7,35.4,10.9,0.478987946555126,0.249223602484472,-5,5,2.02402935549214,121,47,NA
"Age of Empires II: Definitive Edition",1000,755,98,147,75.5,9.8,14.7,1.86821890594271,1.68079096045198,-4.28571428571429,5,1.91730107051733,315,3,NA
"Alan Wake",1000,647,196,157,64.7,19.6,15.7,0.961232108624845,0.625,-5,5,1.82823957294154,145,24,1.35
"Alan Wake's American Nightmare",1000,707,162,131,70.7,16.2,13.1,1.01719466525759,0.697362678471226,-5,5,1.67275883702054,127,20,NA
"Alien: Isolation",1000,691,202,107,69.1,20.2,10.7,1.00430087628247,0.82079496968336,-5,5,1.9412322483526,159,34,1.13
"Aliens vs. Predator",1000,713,158,129,71.3,15.8,12.9,1.39845679925586,1.01498708010336,-5,5,2.01886188570685,234,21,NA
"American Truck Simulator",1000,776,101,123,77.6,10.1,12.3,1.8551796509082,1.66666666666667,-5,5,2.01957755843602,289,15,0.09
"Amnesia: The Dark Descent",1000,580,250,170,58,25,17,0.752517823501019,0.412414965986395,-5,5,1.87643936223111,133,29,NA
"Among Us",1000,614,213,173,61.4,21.3,17.3,1.31524173661612,1.10350076103501,-5,5,2.45822028225736,283,51,NA
"Arma 2: Operation Arrowhead",1000,630,195,175,63,19.5,17.5,1.14156338839405,0.858511422254974,-5,5,2.12618206210747,204,37,NA
"Assassin's Creed Odyssey",1000,767,145,88,76.7,14.5,8.8,1.53881908406559,1.31838830732767,-5,5,1.96902782026317,240,17,3.18
"Assassin's Creed Origins",1000,741,139,120,74.1,13.9,12,1.51894821173095,1.19688214758637,-5,5,2.0393872654704,250,22,4.06
"Assassin's Creed Syndicate",1000,664,203,133,66.4,20.3,13.3,1.03979829681699,0.696059431524548,-5,5,2.04036075451428,181,36,3.28
"Assassin's Creed Unity",1000,609,249,142,60.9,24.9,14.2,0.928889965803367,0.582579185520362,-5,5,2.10606709980323,180,38,NA
"Assetto Corsa",1000,725,135,140,72.5,13.5,14,1.58879788511366,1.42857142857143,-5,5,2.17558091932064,274,30,0.05
"Assetto Corsa Competizione",1000,761,111,128,76.1,11.1,12.8,1.74515112890562,1.5,-5,5,2.06853239946912,293,23,NA
"Atomic Heart",1000,636,269,95,63.6,26.9,9.5,0.90784825502219,0.554159687325517,-5,5,1.94082764348233,150,24,NA
"Awesomenauts",1000,684,203,113,68.4,20.3,11.3,1.23215505008472,0.955642530984997,-5,5,2.17300377767107,219,36,NA
"BATTLETECH",1000,777,127,96,77.7,12.7,9.6,1.61907528848395,1.33333333333333,-5,5,1.83710372860504,234,9,NA
"Back 4 Blood",1000,585,294,121,58.5,29.4,12.1,0.599658284279755,0.348748821794521,-5,5,2.03612575332621,127,51,NA
"Baldur's Gate II: Enhanced Edition",1000,738,130,132,73.8,13,13.2,1.38657843346547,1.04031385281385,-5,5,1.94906908179591,215,22,NA
"Baldur's Gate: Enhanced Edition",1000,760,105,135,76,10.5,13.5,1.39062390342572,1.03107537140521,-5,5,1.72941508964673,196,8,NA
"Banished",1000,719,166,115,71.9,16.6,11.5,1.36033153088915,1.10243055555556,-5,5,1.91591241742305,215,17,NA
"Bastion",1000,852,70,78,85.2,7,7.8,1.85833179117637,1.48148148148148,-3.33333333333333,5,1.71299031183054,264,3,NA
"Batman: Arkham Knight",1000,698,138,164,69.8,13.8,16.4,1.425412312495,1.2129516117401,-5,5,2.0741670945358,240,32,3.79
"Batman: Arkham Origins",1000,697,164,139,69.7,16.4,13.9,1.30234256878718,1.01020408163265,-5,5,2.05418678912224,215,30,2.39
"BattleBlock Theater",1000,691,160,149,69.1,16,14.9,1.5222268882374,1.37626262626263,-5,5,2.38940191663336,294,49,NA
"Battlefield 1",1000,606,255,139,60.6,25.5,13.9,0.991739457551912,0.788437629506838,-5,5,2.27431292304778,205,50,7.26
"Battlefield 2042",1000,455,403,142,45.5,40.3,14.2,0.156455475239179,0,-5,5,2.1574859082395,90,91,NA
"Battlefield 3",1000,564,293,143,56.4,29.3,14.3,0.728875214935298,0.333333333333333,-5,5,2.04700465181701,157,33,7.34
"Battlefield 4",1000,544,326,130,54.4,32.6,13,0.666669807693893,0.368788819875776,-5,5,2.33680697570585,174,69,3.69
"Battlefield V",1000,490,336,174,49,33.6,17.4,0.565991512955927,0,-5,5,2.29154755605793,175,66,2.22
"Bayonetta",1000,602,222,176,60.2,22.2,17.6,0.890157225770847,0.63878363936656,-5,5,2.02402381840649,155,33,1.23
"BeamNG.drive",1000,737,107,156,73.7,10.7,15.6,1.91057169014852,1.81818181818182,-5,5,2.26459304678441,356,28,NA
"Beat Saber",1000,707,145,148,70.7,14.5,14.8,1.45914794569827,1.24446902654867,-5,5,2.10496777863951,243,28,NA
"BioShock",1000,688,172,140,68.8,17.2,14,1.16392726094802,0.927544024734507,-5,5,2.0685924751892,183,36,2.83
"BioShock 2",1000,716,141,143,71.6,14.1,14.3,1.2331059636546,0.875959079283887,-5,5,1.82623580336486,186,16,2.21
"BioShock Infinite",1000,665,202,133,66.5,20.2,13.3,1.0668881941428,0.681818181818182,-5,5,1.93650237626151,177,26,1.96
"Black Desert",1000,582,263,155,58.2,26.3,15.5,0.63774660622853,0.37037037037037,-5,5,1.86427039557919,110,36,NA
"Black Mesa",1000,771,125,104,77.1,12.5,10.4,1.59821264134428,1.33333333333333,-5,5,1.92766955931794,243,14,NA
"Black Myth: Wukong",1000,744,160,96,74.4,16,9.6,1.56556122738916,1.26225490196078,-5,5,2.07672863187948,259,22,NA
"Blasphemous",1000,599,275,126,59.9,27.5,12.6,0.807894745285878,0.446464163278323,-5,5,2.07027475753868,155,44,NA
"Bloodstained: Ritual of the Night",1000,749,155,96,74.9,15.5,9.6,1.219623387775,0.909090909090909,-5,5,1.71308140949418,165,15,NA
"Borderlands 2",1000,679,194,127,67.9,19.4,12.7,1.2932344016257,1.07142857142857,-5,5,2.20355291514467,230,39,3.07
"Borderlands 3",1000,637,245,118,63.7,24.5,11.8,1.06206204346541,0.700527542632806,-5,5,2.15395271902782,198,38,NA
"Borderlands: The Pre-Sequel",1000,430,387,183,43,38.7,18.3,0.0713247013205884,0,-5,5,1.93992743002927,85,69,0.75
"Braid",1000,769,133,98,76.9,13.3,9.8,1.48592749651533,1.19047619047619,-5,5,1.85529563268817,213,14,0.03
"Bright Memory",1000,731,152,117,73.1,15.2,11.7,1.11231759898801,0.869565217391304,-5,5,1.74608570826147,140,19,NA
"Bright Memory: Infinite",1000,797,129,74,79.7,12.9,7.4,1.57158598418549,1.20646335123895,-5,5,1.8924603472744,232,11,NA
"Broforce",1000,696,142,162,69.6,14.2,16.2,1.55550571460547,1.38998211091234,-5,5,2.20569292673454,277,30,NA
"Brutal Legend",1000,703,177,120,70.3,17.7,12,1.23620790161943,1.03807471264368,-5,5,2.0308086720218,199,34,0.98
"Bully: Scholarship Edition",1000,620,208,172,62,20.8,17.2,0.83494111761755,0.714285714285714,-5,5,1.83982189993064,126,30,1.07
"Call of Duty 2",1000,715,153,132,71.5,15.3,13.2,1.24995762880497,1,-5,5,1.99544027447792,190,28,2.02
"Call of Duty: Infinite Warfare",1000,650,196,154,65,19.6,15.4,1.08093024713154,0.76505016722408,-5,5,2.02438277595361,187,35,8.48
"Call of Duty: Modern Warfare II",1000,408,430,162,40.8,43,16.2,0.135187996514718,0,-5,5,2.39814656928522,143,100,NA
"Call of Duty: WWII",1000,628,273,99,62.8,27.3,9.9,0.987011868445674,0.652173913043478,-5,5,2.20795569912073,207,40,13.4
"Call of Duty: World at War",1000,657,207,136,65.7,20.7,13.6,1.11440298775625,0.967741935483871,-5,5,2.19456361871756,204,48,7.37
"Call of Juarez: Gunslinger",1000,733,133,134,73.3,13.3,13.4,1.40781900037094,1.2,-5,5,2.04798943066199,218,31,NA
"Capcom Arcade Stadium",1000,591,244,165,59.1,24.4,16.5,0.586406353909516,0.384615384615385,-5,5,1.70264556569479,85,33,NA
"Car Mechanic Simulator 2018",1000,708,127,165,70.8,12.7,16.5,1.59622771964722,1.26329787234043,-5,5,2.02488189081345,265,17,NA
"Castle Crashers",1000,690,119,191,69,11.9,19.1,1.64797096897131,1.5,-5,5,2.1801359989635,293,25,NA
"Celeste",1000,716,156,128,71.6,15.6,12.8,1.42016322062546,1.16843971631206,-5,5,2.08070138679835,236,24,NA
"Chivalry 2",1000,535,342,123,53.5,34.2,12.3,0.564713928951372,0.333333333333333,-5,5,2.34842537077483,157,74,NA
"Chivalry: Medieval Warfare",1000,552,309,139,55.2,30.9,13.9,0.680810253010138,0.350985221674877,-5,5,2.25336498399688,160,65,NA
"Cities: Skylines",1000,701,163,136,70.1,16.3,13.6,1.441894309878,1.11111111111111,-5,5,2.06479611902432,251,22,0.14
"Cities: Skylines II",1000,599,272,129,59.9,27.2,12.9,0.69619242810079,0.384615384615385,-5,5,1.82758961969182,123,25,NA
"Command & Conquer Remastered Collection",1000,755,113,132,75.5,11.3,13.2,1.78965451769596,1.51229273870783,-5,5,2.03480932128261,297,9,NA
"Command & Conquer: Red Alert 3",1000,668,180,152,66.8,18,15.2,1.27590885176677,0.940448113207547,-5,5,2.05104680209951,217,21,0.67
"Company of Heroes",1000,776,116,108,77.6,11.6,10.8,1.75651866471229,1.62162162162162,-5,5,2.01539239458775,283,14,0.05
"Company of Heroes 2",1000,591,255,154,59.1,25.5,15.4,0.902617736657693,0.652173913043478,-5,5,2.27365426305756,197,54,0.36
"Conan Exiles",1000,673,220,107,67.3,22,10.7,1.09082526600765,0.833333333333333,-5,5,1.93537032870773,171,23,0.21
"Core Keeper",1000,788,105,107,78.8,10.5,10.7,1.79530387897456,1.51338971106413,-5,5,1.90027494878921,275,12,NA
"Counter-Strike",1000,581,177,242,58.1,17.7,24.2,1.15670161711398,0.685736677115987,-5,5,2.2126904164852,222,36,1.11
"Counter-Strike: Source",1000,629,190,181,62.9,19,18.1,1.20761972433379,1.04329004329004,-5,5,2.29870608264801,241,51,0.09
"Crusader Kings III",1000,596,250,154,59.6,25,15.4,0.82582839433195,0.487804878048781,-5,5,1.99480785937935,154,34,NA
"Crypt of the NecroDancer",1000,656,185,159,65.6,18.5,15.9,1.07534257232486,0.81892697466468,-5,5,2.03223394377409,183,30,NA
"Crysis",1000,595,226,179,59.5,22.6,17.9,0.726945278429344,0.394589597625651,-5,5,1.68864415545709,106,16,0.72
"Cult of the Lamb",1000,768,117,115,76.8,11.7,11.5,1.65836736768279,1.42857142857143,-5,5,2.019346614551,259,17,NA
"Cuphead",1000,692,155,153,69.2,15.5,15.3,1.44251018684035,1.31578947368421,-5,5,2.28486689788998,268,42,NA
"Cyberpunk 2077",1000,731,136,133,73.1,13.6,13.3,1.46250822672994,1.21845174973489,-5,5,2.00176607653,237,25,NA
"DISTRAINT: Deluxe Edition",1000,733,171,96,73.3,17.1,9.6,1.24697215429187,0.923076923076923,-5,5,1.83666706717531,179,17,NA
"DREDGE",1000,815,89,96,81.5,8.9,9.6,1.74192048434173,1.50268817204301,-5,5,1.8540600694813,251,10,NA
"DUSK",1000,693,177,130,69.3,17.7,13,1.22508183096262,1,-5,5,2.05211629315297,198,31,NA
"Darkest Dungeon",1000,530,300,170,53,30,17,0.516072102613297,0.2,-5,5,1.98047371110965,117,46,0.04
"Darksiders",1000,675,209,116,67.5,20.9,11.6,1.07793752207658,0.712593094109682,-5,5,2.03161922366995,188,30,1.06
"Darksiders III",1000,619,295,86,61.9,29.5,8.6,0.801574544412795,0.433857852733022,-5,5,2.02329084252445,150,39,0.25
"Day of Defeat",1000,676,172,152,67.6,17.2,15.2,1.31106511680216,1,-5,5,2.18232325729667,244,32,0
"Day of Defeat: Source",1000,655,189,156,65.5,18.9,15.6,1.22670962316308,0.88235294117647,-5,5,2.27324603950218,240,38,NA
"DayZ",1000,559,301,140,55.9,30.1,14,0.79976093001352,0.37976204783079,-5,5,2.24453637970227,186,48,NA
"Days Gone",1000,765,136,99,76.5,13.6,9.9,1.54954789145228,1.33333333333333,-5,5,1.99817569018785,246,22,NA
"Dead Bits",1000,466,355,179,46.6,35.5,17.9,0.444105660643069,0,-5,5,2.20165417898973,132,61,NA
"Dead Cells",1000,646,209,145,64.6,20.9,14.5,1.12259898185101,0.925642594859241,-5,5,2.22240155109354,205,44,0.11
"Dead by Daylight",1000,474,363,163,47.4,36.3,16.3,0.292823065894779,0,-5,5,2.20145011176546,119,71,0.22
"Deathmatch Classic",1000,634,199,167,63.4,19.9,16.7,0.918086939779689,0.714285714285714,-5,5,2.00968283015815,150,39,NA
"Deep Rock Galactic",1000,628,155,217,62.8,15.5,21.7,1.23964463255658,0.909090909090909,-5,5,2.09487964550708,215,27,NA
"Depth",1000,696,166,138,69.6,16.6,13.8,1.34720936498276,1.04805491990847,-5,5,2.07327137878818,227,27,NA
"Detroit: Become Human",1000,738,115,147,73.8,11.5,14.7,1.49016223993908,1.25,-5,5,1.88187606703808,215,20,NA
"Deus Ex: Game of the Year Edition",1000,668,156,176,66.8,15.6,17.6,0.901548204208184,0.625,-5,5,1.78329039424925,125,33,NA
"Deus Ex: Mankind Divided",1000,678,193,129,67.8,19.3,12.9,0.9376772471562,0.653189760260057,-5,5,1.83038697638395,142,25,0.33
"Devil May Cry 5",1000,588,219,193,58.8,21.9,19.3,1.0050229362758,0.603030303030303,-5,5,2.01837202153333,178,25,NA
"DiRT Rally 2.0",1000,675,161,164,67.5,16.1,16.4,1.3705535111943,1.11111111111111,-5,5,2.1532874693281,246,31,NA
"Diablo IV",1000,629,255,116,62.9,25.5,11.6,0.895139690064247,0.560796645702306,-5,5,2.0085707061268,157,31,NA
"Dishonored",1000,747,133,120,74.7,13.3,12,1.52784750994676,1.21748336358137,-5,5,1.99349606418271,246,23,1.73
"Dishonored 2",1000,757,141,102,75.7,14.1,10.2,1.51081788766311,1.17647058823529,-5,5,1.87233233754362,222,13,1.97
"Divinity: Original Sin 2 - Definitive Edition",1000,737,160,103,73.7,16,10.3,1.51263880991369,1.22859216255443,-5,5,2.02969980187055,254,20,NA
"DmC: Devil May Cry",1000,607,271,122,60.7,27.1,12.2,0.722118945771089,0.476190476190476,-5,5,1.93331842051148,115,36,0.82
"Don't Starve",1000,626,246,128,62.6,24.6,12.8,1.05392751732814,0.840015395471166,-5,5,2.20693432757932,203,43,0.05
"Dragon Age: Origins - Ultimate Edition",1000,737,151,112,73.7,15.1,11.2,1.07039798098793,0.769230769230769,-5,5,1.69628798597575,136,16,0.14
"Dragon's Dogma 2",1000,601,296,103,60.1,29.6,10.3,0.450929477174478,0.352677402461377,-5,5,1.69877650437489,65,31,NA
"Dragon's Dogma: Dark Arisen",1000,664,211,125,66.4,21.1,12.5,0.945234851295289,0.702372562837679,-5,5,1.93101586209263,149,30,0.21
"Dungeon Defenders",1000,800,89,111,80,8.9,11.1,1.87393009227305,1.66666666666667,-5,5,1.88799664068042,272,11,0.02
"Dwarf Fortress",1000,655,206,139,65.5,20.6,13.9,0.826495245422793,0.6138147566719,-5,5,1.78460150859622,121,31,NA
"Dying Light",1000,671,203,126,67.1,20.3,12.6,1.3207413708212,1.17647058823529,-5,5,2.26749366699221,251,42,1.66
"Elite Dangerous",1000,673,223,104,67.3,22.3,10.4,0.841311037570129,0.555555555555556,-5,5,1.69535455793056,109,19,NA
"Enclave",1000,638,230,132,63.8,23,13.2,0.82896913115837,0.5,-5,5,1.84575503105854,134,30,0.14
"Enter the Gungeon",1000,626,231,143,62.6,23.1,14.3,0.965437095299738,0.75,-5,5,2.22234328778654,189,48,NA
"Euro Truck Simulator 2",1000,714,117,169,71.4,11.7,16.9,1.6944929626575,1.40993788819876,-5,5,2.0489455968031,289,12,0.13
"Europa Universalis IV",1000,605,191,204,60.5,19.1,20.4,0.999728648049004,0.683374844333748,-5,5,2.06038617127907,189,36,NA
"FTL: Faster Than Light",1000,673,201,126,67.3,20.1,12.6,1.26191713217425,0.993827160493827,-5,5,2.16772729989829,222,33,NA
"Factorio",1000,646,133,221,64.6,13.3,22.1,1.20695431701548,0.903983656792646,-5,5,1.93034274200639,182,23,NA
"Fallout 3: Game of the Year Edition",1000,655,209,136,65.5,20.9,13.6,0.994989611327917,0.719461697722567,-5,5,2.00018454949644,172,35,0.01
"Fallout 4",1000,673,183,144,67.3,18.3,14.4,1.22897859989071,0.909090909090909,-5,5,2.01994125624343,205,26,6.96
"Fallout 76",1000,660,227,113,66,22.7,11.3,0.800373123254822,0.580432341381246,-5,5,1.76187884925653,119,22,1.32
"Fallout: New Vegas",1000,659,173,168,65.9,17.3,16.8,1.23662315041762,0.991803278688525,-5,5,2.02680811142073,205,29,4.08
"Far Cry",1000,556,320,124,55.6,32,12.4,0.582256754562953,0.281531531531532,-5,5,1.90902067063568,110,38,0.05
"Far Cry 2",1000,512,340,148,51.2,34,14.8,0.444410128745591,0.10233458961474,-5,5,1.73201216361119,88,32,1.6
"Far Cry 3",1000,571,289,140,57.1,28.9,14,0.631984774536912,0.402020202020202,-5,5,2.00515476019422,134,39,3.45
"Far Cry 4",1000,631,223,146,63.1,22.3,14.6,0.977782485657166,0.667941363926068,-5,5,2.05457293828902,169,36,4.03
"Far Cry 5",1000,611,255,134,61.1,25.5,13.4,0.868377568931064,0.618466898954704,-5,5,2.0975715091009,159,44,3.95
"Farm Together",1000,792,82,126,79.2,8.2,12.6,1.72507320234899,1.33333333333333,-5,5,1.86955327496349,248,10,NA
"Farming Simulator 17",1000,768,88,144,76.8,8.8,14.4,1.94375872890837,1.66666666666667,-5,5,2.03370944587864,319,14,0.85
"Farming Simulator 19",1000,776,78,146,77.6,7.8,14.6,2.07591637029443,1.92928039702233,-5,5,2.06638673753217,368,14,0.58
"Farming Simulator 22",1000,756,102,142,75.6,10.2,14.2,1.94385767120049,1.77124183006536,-5,5,2.07348434130752,332,15,NA
"Firewatch",1000,804,121,75,80.4,12.1,7.5,1.6201062960565,1.48877223680373,-5,5,2.01096793681076,252,23,NA
"Five Nights at Freddy's",1000,523,218,259,52.3,21.8,25.9,0.794028678386179,0.261657085500502,-5,5,2.17047755607138,169,56,NA
"Five Nights at Freddy's: Security Breach",1000,634,206,160,63.4,20.6,16,1.20066113746896,0.909090909090909,-5,5,2.1831789129275,225,38,NA
"For The King",1000,708,180,112,70.8,18,11.2,1.45079126589434,1.206561116329,-5,5,2.22885799575884,259,33,NA
"Forza Horizon 5",1000,709,157,134,70.9,15.7,13.4,1.55764405893057,1.35749385749386,-5,5,2.1684071739535,276,25,NA
"Frostpunk",1000,690,164,146,69,16.4,14.6,1.11680648947146,0.803225806451613,-5,5,1.80977465410139,153,16,NA
"GRIS",1000,848,69,83,84.8,6.9,8.3,1.91501434111795,1.66666666666667,-5,5,1.88309947334598,273,11,NA
"Game Dev Tycoon",1000,770,102,128,77,10.2,12.8,1.56589976818755,1.25,-5,5,1.89091889444347,236,14,NA
"Gang Beasts",1000,673,157,170,67.3,15.7,17,1.52771419680254,1.42857142857143,-5,5,2.41669266765696,299,47,NA
"Garry's Mod",1000,677,134,189,67.7,13.4,18.9,1.73693752332955,1.53846153846154,-5,5,2.29953534213778,326,30,NA
"Generation Zero",1000,669,237,94,66.9,23.7,9.4,0.969905249034039,0.644124053521419,-5,5,1.93589190124458,157,27,NA
"Geometry Dash",1000,608,210,182,60.8,21,18.2,1.27390666752033,1.11111111111111,-5,5,2.46916625201672,265,54,NA
"Getting Over It with Bennett Foddy",1000,442,367,191,44.2,36.7,19.1,0.169194816129043,0,-5,5,2.1207489673989,104,78,NA
"Ghostrunner",1000,613,263,124,61.3,26.3,12.4,0.900574174751617,0.54569399908383,-5,5,2.01227255146752,160,29,NA
"Goat Simulator",1000,585,170,245,58.5,17,24.5,1.10748492625023,0.645161290322581,-5,5,2.16909816548688,210,36,0.01
"God of War",1000,767,144,89,76.7,14.4,8.9,1.59619255954373,1.36363636363636,-5,5,2.08953260400023,260,25,4.45
"Golf With Your Friends",1000,582,254,164,58.2,25.4,16.4,0.940156675075834,0.817208904109589,-5,5,2.60797800909055,232,88,NA
"Gothic 3",1000,609,252,139,60.9,25.2,13.9,0.880249329736113,0.521778584392015,-5,5,1.76034360579885,144,19,0.06
"Granblue Fantasy: Relink",1000,771,141,88,77.1,14.1,8.8,1.35219323810947,1.08763440860215,-5,5,1.82811807077649,183,17,NA
"Grand Theft Auto IV: The Complete Edition",1000,657,190,153,65.7,19,15.3,1.33044519072164,1.00531914893617,-5,5,2.13542635730028,234,27,NA
"Grim Dawn",1000,831,91,78,83.1,9.1,7.8,1.65867133600224,1.33333333333333,-5,5,1.87857117777994,239,16,NA
"Grounded",1000,755,124,121,75.5,12.4,12.1,1.72324433052133,1.54967159277504,-5,5,2.07732091791593,289,21,NA
"Guns of Icarus Online",1000,677,199,124,67.7,19.9,12.4,1.064983559938,0.847457627118644,-5,5,2.00694442814699,167,37,NA
"Hades",1000,776,104,120,77.6,10.4,12,1.72466587916338,1.51515151515152,-5,5,2.02431469353593,270,20,NA
"Hades II",1000,838,65,97,83.8,6.5,9.7,1.82264304511562,1.57894736842105,-5,5,1.76184990125061,247,9,NA
"Half-Life",1000,636,155,209,63.6,15.5,20.9,1.18163272078829,0.794736842105263,-5,5,1.9966085704776,209,29,4.12
"Half-Life 2",1000,644,131,225,64.4,13.1,22.5,1.3145133067759,0.977914389799636,-5,5,2.03963169752337,219,27,2.37
"Half-Life 2: Deathmatch",1000,623,192,185,62.3,19.2,18.5,1.10770259051805,0.898989898989899,-5,5,2.27730850464194,212,51,NA
"Half-Life 2: Episode One",1000,595,176,229,59.5,17.6,22.9,1.07857982603746,0.789198606271777,-5,5,2.0995917185654,198,38,NA
"Half-Life 2: Episode Two",1000,560,181,259,56,18.1,25.9,0.871796031260638,0.526315789473684,-5,5,2.04022516590291,160,42,NA
"Half-Life 2: Lost Coast",1000,578,220,202,57.8,22,20.2,0.864975732822629,0.650762281197064,-5,5,2.30561587309593,189,70,NA
"Half-Life Deathmatch: Source",1000,536,249,215,53.6,24.9,21.5,0.644279021284182,0.36038961038961,-5,5,2.19379217036439,147,61,NA
"Half-Life: Alyx",1000,797,93,110,79.7,9.3,11,1.76215709344149,1.45044413277232,-5,5,1.84351029610105,264,10,NA
"Half-Life: Blue Shift",1000,677,125,198,67.7,12.5,19.8,1.29984091144222,0.881074367334265,-5,5,1.9153181415548,196,17,NA
"Half-Life: Opposing Force",1000,646,183,171,64.6,18.3,17.1,1.10947130127458,0.778209109730849,-5,5,2.09241320948593,188,35,NA
"Half-Life: Source",1000,491,305,204,49.1,30.5,20.4,0.352533597956416,0,-5,5,2.16694724732188,117,81,NA
"Halo: The Master Chief Collection",1000,567,226,207,56.7,22.6,20.7,0.939709660709438,0.526315789473684,-5,5,2.08849841824102,185,32,3.15
"Hearts of Iron IV",1000,521,249,230,52.1,24.9,23,0.77828918614575,0.31918505942275,-5,5,2.27717810190487,190,61,0.03
"Hellblade: Senua's Sacrifice",1000,734,173,93,73.4,17.3,9.3,1.10909555145941,0.797727272727273,-5,5,1.73419852316264,148,13,0.05
"Hero Siege",1000,582,277,141,58.2,27.7,14.1,0.700218078987015,0.32258064516129,-5,5,1.86400800753654,124,24,NA
"Heroes of Might & Magic III - HD Edition",1000,709,124,167,70.9,12.4,16.7,1.5278120833493,1.32931726907631,-5,5,1.99313860832528,242,19,NA
"Hitman 2: Silent Assassin",1000,613,227,160,61.3,22.7,16,0.799027508119904,0.491803278688525,-5,5,1.82331981994425,121,28,2.96
"Hitman: Absolution",1000,688,185,127,68.8,18.5,12.7,1.39916673260628,1,-5,5,2.19205667914894,262,32,2.19
"Hitman: Blood Money",1000,698,158,144,69.8,15.8,14.4,1.37283328829428,1.12698412698413,-5,5,2.08998627998319,235,27,0.5
"Hogwarts Legacy",1000,798,110,92,79.8,11,9.2,1.77937029849952,1.42857142857143,-5,5,1.97595506293626,287,14,NA
"Hollow Knight",1000,665,181,154,66.5,18.1,15.4,1.33239265022594,1.04471043830312,-5,5,2.16968433021577,238,31,NA
"Homefront",1000,518,356,126,51.8,35.6,12.6,0.49294438310896,0.163268026122884,-5,5,1.83507153026283,98,35,1.46
"Hotline Miami",1000,520,230,250,52,23,25,0.793665764358653,0.256578947368421,-5,5,2.28617274816395,198,52,NA
"Hotline Miami 2: Wrong Number",1000,496,297,207,49.6,29.7,20.7,0.503753932008923,0,-5,5,2.38803787950564,155,89,NA
"House Flipper",1000,783,101,116,78.3,10.1,11.6,1.61812302004946,1.36363636363636,-5,5,1.85272963927406,230,11,NA
"How to Survive",1000,635,256,109,63.5,25.6,10.9,0.952608274379781,0.631925726265349,-5,5,2.08291162525318,170,36,NA
"INSIDE",1000,796,113,91,79.6,11.3,9.1,1.69695456935273,1.5,-5,5,1.93481260653478,258,17,NA
"Inscryption",1000,777,108,115,77.7,10.8,11.5,1.68269774256767,1.48542159180457,-5,5,2.01486824567418,261,18,NA
"Insurgency",1000,607,225,168,60.7,22.5,16.8,1.07610301271844,0.714285714285714,-5,5,2.24033056049157,217,44,NA
"Insurgency: Sandstorm",1000,564,277,159,56.4,27.7,15.9,0.804458924145728,0.555555555555556,-5,5,2.2049874781868,174,50,NA
"It Takes Two",1000,808,85,107,80.8,8.5,10.7,2.17674892132396,2.22222222222222,-5,5,2.1468208013865,380,20,NA
"Jotun: Valhalla Edition",1000,743,186,71,74.3,18.6,7.1,1.23024647083426,0.857755977927652,-5,5,1.90005970654622,185,20,NA
"Jurassic World Evolution",1000,785,111,104,78.5,11.1,10.4,1.73619518564085,1.42857142857143,-5,5,1.98893516288544,277,17,0.47
"Just Cause",1000,615,257,128,61.5,25.7,12.8,0.681355611939524,0.35445622300746,-5,5,1.74406746779721,108,26,0.14
"Just Cause 2",1000,670,176,154,67,17.6,15.4,1.1758933263828,0.797727272727273,-5,5,1.94529714729537,187,25,1.78
"Just Cause 3",1000,705,158,137,70.5,15.8,13.7,1.37749646621691,1.11111111111111,-5,5,2.12742655618462,238,27,1.83
"Katana ZERO",1000,707,147,146,70.7,14.7,14.6,1.45627858225477,1.25,-5,5,1.99932473309224,234,23,NA
"Keep Talking and Nobody Explodes",1000,651,186,163,65.1,18.6,16.3,1.25704441192957,1.096875,-5,5,2.22119456272582,225,37,NA
"Kenshi",1000,538,327,135,53.8,32.7,13.5,0.53690175400654,0.226206720109159,-5,5,2.02542890334786,124,48,NA
"Kerbal Space Program",1000,628,187,185,62.8,18.7,18.5,1.15967269592501,0.836834733893557,-5,5,2.15973166392074,217,29,NA
"Killing Floor",1000,550,283,167,55,28.3,16.7,0.555404559110079,0.336477987421384,-5,5,2.34151644568043,150,87,NA
"Killing Floor 2",1000,578,287,135,57.8,28.7,13.5,0.717488607915533,0.555555555555556,-5,5,2.43647979789769,187,86,0.27
"Kingdom Come: Deliverance",1000,640,248,112,64,24.8,11.2,0.817346936692109,0.588235294117647,-5,5,1.86915462571639,129,29,0.56
"Kingdom Two Crowns",1000,739,146,115,73.9,14.6,11.5,1.54381848144512,1.25,-5,5,1.97960737285418,238,15,NA
"Kingdoms and Castles",1000,840,84,76,84,8.4,7.6,2.05496938810132,1.85615848406546,-5,5,2.00008237024163,327,15,NA
"L.A. Noire",1000,659,209,132,65.9,20.9,13.2,1.03243792919599,0.718984962406015,-5,5,1.95719577947621,163,30,3.23
"LEGO Marvel Super Heroes",1000,746,95,159,74.6,9.5,15.9,1.85431961801974,1.66666666666667,-5,5,2.07700886601946,309,17,2.3
"LEGO Star Wars: The Skywalker Saga",1000,716,165,119,71.6,16.5,11.9,1.24344170501417,0.918266313200677,-5,5,1.97140084378546,193,24,NA
"LIMBO",1000,721,173,106,72.1,17.3,10.6,1.30871697586756,1,-5,5,1.85661151232538,199,10,0
"Left 4 Dead",1000,648,200,152,64.8,20,15.2,1.21623174879088,1.05263157894737,-5,5,2.27323308332806,231,48,3.52
"Left 4 Dead 2",1000,600,222,178,60,22.2,17.8,1.10752440971949,0.88235294117647,-5,5,2.49628599272714,256,72,3.99
"Lethal Company",1000,617,218,165,61.7,21.8,16.5,1.2483344097204,1.07229965156794,-5,5,2.45641459084149,263,55,NA
"Life is Strange 2",1000,733,175,92,73.3,17.5,9.2,1.19239952351607,0.909090909090909,-5,5,1.96693155909921,189,25,NA
"Little Nightmares",1000,747,140,113,74.7,14,11.3,1.54840297683143,1.29032258064516,-5,5,2.03059620788235,254,22,0.39
"Loop Hero",1000,764,108,128,76.4,10.8,12.8,1.42557344318002,1.16515837104072,-5,5,1.8503152421456,193,17,NA
"Mad Max",1000,684,208,108,68.4,20.8,10.8,1.16432990568879,0.815140009492169,-5,5,1.97636504638075,185,27,NA
"Mafia",1000,614,222,164,61.4,22.2,16.4,0.922799550367659,0.571428571428571,-5,5,2.01017861018329,173,33,0.7
"Mafia: Definitive Edition",1000,717,159,124,71.7,15.9,12.4,1.33109142392587,1,-5,5,1.98637768870818,208,22,NA
"Magicka",1000,614,241,145,61.4,24.1,14.5,0.9369803391688,0.687293339631554,-5,5,2.08754188465686,180,30,0.03
"Magicka 2",1000,624,238,138,62.4,23.8,13.8,1.04500609653644,0.796039603960396,-5,5,2.23719047373016,204,45,NA
"Mark of the Ninja",1000,815,102,83,81.5,10.2,8.3,1.80300399702155,1.53846153846154,-5,5,1.87850789739936,265,7,NA
"Marvel's Midnight Suns",1000,836,106,58,83.6,10.6,5.8,1.59504812701567,1.19156837046745,-3.75,5,1.73249407148997,212,3,NA
"Mass Effect Legendary Edition",1000,763,121,116,76.3,12.1,11.6,1.30828785045104,1.08108108108108,-5,5,1.68744276990639,158,12,NA
"Max Payne 3",1000,669,194,137,66.9,19.4,13.7,1.25631800512794,0.96483451536643,-5,5,2.0672483474325,212,27,1.9
"Metal: Hellsinger",1000,693,176,131,69.3,17.6,13.1,1.13407797040421,0.859605911330049,-5,5,2.04750204682815,181,35,NA
"Metro Exodus",1000,703,163,134,70.3,16.3,13.4,1.32018365582404,0.992957746478873,-5,5,2.00450699855859,204,22,NA
"Middle-earth: Shadow of War",1000,665,211,124,66.5,21.1,12.4,1.1598090493015,0.878676470588235,-5,5,2.1062869840708,205,33,NA
"Mirror's Edge",1000,718,163,119,71.8,16.3,11.9,1.10842751149674,0.79156223893066,-5,5,1.7661237325488,146,13,1.17
"Monaco: What's Yours Is Mine",1000,789,101,110,78.9,10.1,11,1.8613936481781,1.5,-5,5,2.02489732058099,297,14,NA
"Monster Hunter Stories 2: Wings of Ruin",1000,765,140,95,76.5,14,9.5,1.42168684458526,1.13421955403087,-5,5,1.83531480179788,199,13,NA
"Monster Hunter Wilds",1000,613,283,104,61.3,28.3,10.4,0.430717109591528,0.406191074795726,-5,5,1.77607468020364,75,47,NA
"Monster Hunter: World",1000,657,168,175,65.7,16.8,17.5,1.15559057393303,0.863354037267081,-5,5,2.05224337390686,184,36,0.93
"Moonlighter",1000,710,193,97,71,19.3,9.7,1.10088395285936,0.857142857142857,-5,5,1.9144426010065,168,29,0.01
"Mortal Kombat X",1000,655,190,155,65.5,19,15.5,1.3391400073212,1.04355716878403,-5,5,2.25066700671488,256,36,2.7
"Mount & Blade II: Bannerlord",1000,643,228,129,64.3,22.8,12.9,1.11158327433437,0.740740740740741,-5,5,1.98484974369103,188,23,NA
"Mount & Blade: Warband",1000,689,136,175,68.9,13.6,17.5,1.38592150074003,1.0819397993311,-5,5,2.09581523359913,247,25,0.02
"Move or Die",1000,623,242,135,62.3,24.2,13.5,1.0776762764664,1,-5,5,2.60337680020079,253,84,NA
"Natural Selection 2",1000,692,198,110,69.2,19.8,11,1.16234933436683,0.877785680417259,-5,5,2.06193424298604,197,28,NA
"Need for Speed Heat",1000,685,184,131,68.5,18.4,13.1,1.33357468401527,1,-5,5,2.14261508604449,235,29,NA
"Neon Abyss",1000,751,149,100,75.1,14.9,10,1.53956924389874,1.1952380952381,-5,5,1.95323964714058,235,18,NA
"Nioh: Complete Edition",1000,615,292,93,61.5,29.2,9.3,0.81154742776944,0.458041958041958,-5,5,1.91547120942516,140,27,NA
"No Man's Sky",1000,753,132,115,75.3,13.2,11.5,1.42384752611365,1,-5,5,1.87460228904595,207,14,1.6
"No Rest for the Wicked",1000,772,165,63,77.2,16.5,6.3,1.32394285777032,1.0391363022942,-5,5,1.75103317938047,177,12,NA
"Northgard",1000,730,162,108,73,16.2,10.8,1.24726816725918,1,-5,5,1.8551413250971,180,17,NA
"Not For Broadcast",1000,764,123,113,76.4,12.3,11.3,1.35619827420556,1.03006189213086,-5,5,1.80199045568583,185,12,NA
"Orcs Must Die!",1000,773,151,76,77.3,15.1,7.6,1.59380234159758,1.25,-5,5,2.1198635121882,271,27,NA
"Orcs Must Die! 2",1000,714,187,99,71.4,18.7,9.9,1.43788304303013,1.05477107402653,-5,5,2.23755215579709,261,34,NA
"Orcs Must Die! 3",1000,724,193,83,72.4,19.3,8.3,1.4459106092917,1.11111111111111,-5,5,2.15977334969009,251,29,NA
"Ori and the Blind Forest: Definitive Edition",1000,784,141,75,78.4,14.1,7.5,1.78350682556302,1.52422834384335,-5,5,2.0615467350844,278,19,NA
"Ori and the Will of the Wisps",1000,857,77,66,85.7,7.7,6.6,2.04226301445353,1.81818181818182,-5,5,1.90707740390186,302,10,NA
"Outer Wilds",1000,748,116,136,74.8,11.6,13.6,1.21101353889935,0.952380952380952,-5,5,1.68722895153011,145,13,NA
"Outlast",1000,522,278,200,52.2,27.8,20,0.66434073299314,0.210549645390071,-5,5,2.17262794757186,157,55,NA
"Overcooked",1000,731,145,124,73.1,14.5,12.4,1.51305435161835,1.25,-5,5,2.04086029338811,253,20,0.05
"Overcooked! 2",1000,666,186,148,66.6,18.6,14.8,1.40584668079883,1.14285714285714,-5,5,2.37722963187172,276,45,0.29
"Oxygen Not Included",1000,666,188,146,66.6,18.8,14.6,1.13755230042119,0.833333333333333,-5,5,2.00233628763659,183,30,NA
"Palworld",1000,762,129,109,76.2,12.9,10.9,1.5945185419854,1.28011204481793,-5,5,2.07004235873971,259,20,NA
"Papers, Please",1000,715,143,142,71.5,14.3,14.2,1.50077115394723,1.25,-5,5,2.12281369590029,247,30,NA
"Party Animals",1000,724,148,128,72.4,14.8,12.8,1.77950797359594,1.51229273870783,-5,5,2.26149515872183,316,22,NA
"Path of Exile 2",1000,629,249,122,62.9,24.9,12.2,0.900579776832364,0.653622693096377,-5,5,2.04346272663463,161,40,NA
"Persona 4 Golden",1000,729,117,154,72.9,11.7,15.4,1.36525298217757,1.05050933786078,-5,5,1.88814718547318,199,18,NA
"Persona 5 Royal",1000,668,157,175,66.8,15.7,17.5,1.09445289954734,0.878072265787359,-5,5,1.86094264077636,158,22,NA
"Pillars of Eternity",1000,797,112,91,79.7,11.2,9.1,1.44912639305262,1.12517803449913,-5,5,1.73629152527704,193,10,0.02
"Pillars of Eternity II: Deadfire",1000,837,98,65,83.7,9.8,6.5,1.60704484307623,1.36083052749719,-5,5,1.75732404003659,216,10,NA
"Pizza Tower",1000,699,121,180,69.9,12.1,18,1.63408484777826,1.53846153846154,-5,5,2.13949107577355,292,23,NA
"Plague Inc: Evolved",1000,556,274,170,55.6,27.4,17,0.715099225764943,0.444664031620553,-5,5,2.26625805860082,158,63,NA
"Planet Coaster",1000,751,136,113,75.1,13.6,11.3,1.63936451244195,1.43796992481203,-5,5,2.15738238859437,279,27,NA
"Planet Zoo",1000,826,87,87,82.6,8.7,8.7,1.94848569736862,1.66666666666667,-5,5,1.9119945012753,295,10,NA
"Portal",1000,725,100,175,72.5,10,17.5,1.82600944130633,1.66666666666667,-5,5,2.09014669076932,322,20,NA
"Portal 2",1000,706,126,168,70.6,12.6,16.8,1.68678574058006,1.6247642991829,-5,5,2.26144291564908,304,37,2.1
"Portal Knights",1000,787,103,110,78.7,10.3,11,1.84592803163197,1.61104931405265,-5,5,1.97930276776229,295,12,0.12
"PowerWash Simulator",1000,728,118,154,72.8,11.8,15.4,1.50718723316891,1.25,-5,5,1.92702690942871,230,17,NA
"Prison Architect",1000,582,302,116,58.2,30.2,11.6,0.813437408414177,0.563492063492063,-5,5,2.29046965846778,182,55,0.02
"Project Zomboid",1000,606,231,163,60.6,23.1,16.3,0.968072051718842,0.696390086206897,-5,5,2.25333946344528,198,51,NA
"Quake",1000,676,168,156,67.6,16.8,15.6,1.10417891093912,0.8,-5,5,1.94903294300484,173,24,0.19
"Quake Live",1000,653,189,158,65.3,18.9,15.8,1.09926477386227,0.871675812579147,-5,5,2.11699389596349,199,39,NA
"Quantum Break",1000,768,145,87,76.8,14.5,8.7,1.29079796161131,0.967741935483871,-5,5,1.7317844325586,171,11,0.51
"Raft",1000,723,162,115,72.3,16.2,11.5,1.70356144589956,1.5625,-5,5,2.33351950786767,320,39,NA
"Rain World",1000,617,224,159,61.7,22.4,15.9,0.770197691393571,0.588235294117647,-5,5,2.00833618180952,130,45,NA
"Ready or Not",1000,562,295,143,56.2,29.5,14.3,0.814244649098359,0.384615384615385,-5,5,2.19841427887582,172,42,NA
"Red Dead Redemption 2",1000,692,163,145,69.2,16.3,14.5,1.55330359837057,1.29923273657289,-5,5,2.24700199999843,294,33,13.94
"Red Faction: Armageddon",1000,575,322,103,57.5,32.2,10.3,0.491744623065161,0.255323772272925,-5,5,1.69537087762672,88,31,0.46
"Remnant: From the Ashes",1000,680,226,94,68,22.6,9.4,1.14159750017277,0.844781445138269,-5,5,2.04178149761506,187,29,NA
"Resident Evil",1000,596,246,158,59.6,24.6,15.8,0.73255194173965,0.450283010898032,-5,5,1.9853887378304,137,43,5.05
"Resident Evil 2",1000,651,204,145,65.1,20.4,14.5,1.05966539794285,0.849260728452939,-5,5,2.14288768897201,191,51,5.82
"Resident Evil 3",1000,618,253,129,61.8,25.3,12.9,0.846968208500375,0.575817860300619,-5,5,2.01229042626722,154,32,NA
"Resident Evil 4",1000,706,132,162,70.6,13.2,16.2,1.46410085731849,1.14519906323185,-5,5,2.0569978638824,242,25,3.62
"Resident Evil 5",1000,545,262,193,54.5,26.2,19.3,0.671355827586934,0.299518868780938,-5,5,2.06903754840431,146,52,5.11
"Resident Evil 6",1000,484,378,138,48.4,37.8,13.8,0.210425605095037,0,-5,5,2.12926640626633,100,80,3.15
"Return to Castle Wolfenstein",1000,701,163,136,70.1,16.3,13.6,1.25010584293036,0.931066099858298,-5,5,1.97816611373078,202,26,NA
"Rise of the Tomb Raider",1000,802,91,107,80.2,9.1,10.7,1.89537119824034,1.66666666666667,-5,5,1.93680032664313,293,9,1.3
"Risk of Rain 2",1000,611,216,173,61.1,21.6,17.3,1.06845620841932,0.790776446065659,-5,5,2.3268520575107,225,42,NA
"Rust",1000,479,346,175,47.9,34.6,17.5,0.394995079236167,0,-5,5,2.44795605560509,156,92,NA
"Ryse: Son of Rome",1000,748,138,114,74.8,13.8,11.4,1.41715293538054,1,-5,5,1.89902243803288,218,12,1.36
"S.T.A.L.K.E.R. 2: Heart of Chornobyl",1000,587,301,112,58.7,30.1,11.2,0.70123365221881,0.339169888487714,-5,5,1.77596612876902,117,24,NA
"S.T.A.L.K.E.R.: Shadow of Chernobyl",1000,595,207,198,59.5,20.7,19.8,0.858738998559372,0.454545454545455,-5,5,1.85484619629697,141,22,0.06
"SCUM",1000,520,361,119,52,36.1,11.9,0.522372515869953,0.0914089002523354,-5,5,1.98574580845607,128,39,NA
"SOMA",1000,707,175,118,70.7,17.5,11.8,1.11415112822138,0.815606725146199,-5,5,1.83537482756284,163,21,NA
"SUPERHOT",1000,802,109,89,80.2,10.9,8.9,1.5664084553986,1.63170633319887,-5,5,1.88325678415239,184,25,NA
"Saints Row 2",1000,597,237,166,59.7,23.7,16.6,0.697807918635093,0.484866294446077,-5,5,1.807236063924,106,28,3.03
"Saints Row IV: Re-Elected",1000,604,235,161,60.4,23.5,16.1,0.802520566386229,0.44949494949495,-5,5,1.8270659924494,133,19,0.42
"Saints Row: The Third",1000,686,156,158,68.6,15.6,15.8,1.30710314850797,1,-5,5,2.01638237180549,209,25,2.77
"Sanctum 2",1000,780,118,102,78,11.8,10.2,1.67546060731014,1.38461538461538,-5,5,1.97305951631399,256,18,NA
"Satisfactory",1000,699,135,166,69.9,13.5,16.6,1.35989913104556,1.01694915254237,-5,5,1.90865513784246,206,17,NA
"Serious Sam 3: BFE",1000,583,276,141,58.3,27.6,14.1,0.815067138919698,0.428658909981629,-5,5,2.15989207699905,173,45,0.08
"Serious Sam HD: The First Encounter",1000,662,195,143,66.2,19.5,14.3,1.17476438613072,0.813014101057579,-5,5,1.99917961018105,193,23,NA
"Shadow Tactics: Blades of the Shogun",1000,827,89,84,82.7,8.9,8.4,1.70447177390314,1.41025641025641,-5,5,1.82165104738464,244,11,0.04
"Shadow Warrior",1000,642,252,106,64.2,25.2,10.6,0.887931942480194,0.625,-5,5,2.04827451886765,158,34,0
"Shadowrun Returns",1000,828,115,57,82.8,11.5,5.7,1.54546584127417,1.27659574468085,-5,5,1.70806597868016,200,8,NA
"Sherlock Holmes: The Devil's Daughter",1000,710,189,101,71,18.9,10.1,1.12768224794101,0.76505016722408,-5,5,1.77803030627219,173,13,0.06
"Sid Meier's Civilization V",1000,682,152,166,68.2,15.2,16.6,1.46048968653679,1.09142346634902,-5,5,1.99133843382509,242,15,1.69
"Sid Meier's Civilization: Beyond Earth",1000,698,175,127,69.8,17.5,12.7,1.14828027000985,0.869565217391304,-5,5,1.94705767281715,177,23,0.37
"Sins of a Solar Empire: Rebellion",1000,780,108,112,78,10.8,11.2,1.70335280222746,1.42857142857143,-5,5,1.96865709721221,269,12,NA
"Slay the Spire",1000,726,117,157,72.6,11.7,15.7,1.57910634664,1.35135135135135,-5,5,2.01647903628904,258,18,NA
"Sleeping Dogs: Definitive Edition",1000,710,125,165,71,12.5,16.5,1.54248217489575,1.1952380952381,-5,5,1.99757806422763,249,13,0.44
"Slime Rancher",1000,760,90,150,76,9,15,1.9214305323479,1.70271218143559,-5,5,2.10692340389037,319,19,0.1
"Sniper Elite 3",1000,591,258,151,59.1,25.8,15.1,0.887550372336846,0.476190476190476,-5,5,2.04652384537876,167,36,0.68
"Sniper Elite 4",1000,680,181,139,68,18.1,13.9,1.33547796965061,1.05263157894737,-5,5,2.08204328896028,227,26,0.55
"Sniper Elite 5",1000,681,220,99,68.1,22,9.9,1.29567422321938,0.978701825557809,-5,5,2.24506542013052,236,35,NA
"Sniper: Ghost Warrior 2",1000,645,249,106,64.5,24.9,10.6,0.960050937326751,0.673466083859479,-5,5,2.02205976570231,172,32,0.35
"South Park: The Fractured But Whole",1000,689,181,130,68.9,18.1,13,1.27204283982727,1.11111111111111,-5,5,2.17255689666504,214,39,1.43
"South Park: The Stick of Truth",1000,743,119,138,74.3,11.9,13.8,1.68830687575584,1.58984706881903,-5,5,2.19637060082463,290,32,0.98
"Space Engineers",1000,679,180,141,67.9,18,14.1,1.23318694703724,0.88562091503268,-5,5,1.98062748295907,198,20,NA
"SpeedRunners",1000,675,146,179,67.5,14.6,17.9,1.52137915835201,1.42857142857143,-5,5,2.35231087457605,284,47,NA
"Spelunky",1000,567,295,138,56.7,29.5,13.8,0.631059137796032,0.489804078368653,-5,5,2.33108609799305,155,79,NA
"Spyro Reignited Trilogy",1000,771,131,98,77.1,13.1,9.8,1.41606275536882,1.11111111111111,-5,5,1.8398090410857,202,11,2.17
"Squad",1000,441,408,151,44.1,40.8,15.1,0.100303111401347,0,-5,5,1.94173162844879,82,69,NA
"Starbound",1000,692,188,120,69.2,18.8,12,1.09684990131029,0.842198581560284,-5,5,1.99025235407139,172,31,NA
"Stardew Valley",1000,774,91,135,77.4,9.1,13.5,1.79438953486102,1.66666666666667,-5,5,1.94620178262062,269,16,0.1
"Starfield",1000,651,253,96,65.1,25.3,9.6,0.638951423022919,0.41993682537837,-5,5,1.78917797623534,103,35,NA
"Steep",1000,661,181,158,66.1,18.1,15.8,1.37243569857834,1.00420168067227,-5,5,2.33903756619748,273,44,1.01
"Stellaris",1000,599,256,145,59.9,25.6,14.5,0.719921073933844,0.407664694542312,-5,5,1.91868096272028,137,37,0.03
"Stick Fight: The Game",1000,647,218,135,64.7,21.8,13.5,1.3391459263222,1.20606060606061,-5,5,2.5144615342861,282,56,NA
"Stray",1000,820,76,104,82,7.6,10.4,2.03504305009344,1.75219298245614,-5,5,1.9409559352617,317,10,NA
"Street Fighter 6",1000,584,266,150,58.4,26.6,15,0.666227210448168,0.408163265306122,-5,5,2.03328280973568,123,47,NA
"Street Fighter V",1000,574,266,160,57.4,26.6,16,0.721242227950542,0.506410256410256,-5,5,2.07272997115423,139,49,0.82
"Stronghold Crusader 2",1000,649,214,137,64.9,21.4,13.7,1.19782306303029,0.879423482540427,-5,5,2.18373860975684,227,34,0
"Subnautica",1000,741,144,115,74.1,14.4,11.5,1.52390161056182,1.33333333333333,-5,5,2.13682587116778,254,37,0.12
"Subnautica: Below Zero",1000,715,190,95,71.5,19,9.5,1.23326677735039,0.947822141560799,-5,5,2.06469530579339,209,30,NA
"Super Meat Boy",1000,623,225,152,62.3,22.5,15.2,0.999277010522351,0.833333333333333,-5,5,2.27927710709387,204,51,0.01
"Superliminal",1000,796,95,109,79.6,9.5,10.9,1.68150910887398,1.42857142857143,-5,5,1.94951358446197,251,16,NA
"Surgeon Simulator",1000,478,302,220,47.8,30.2,22,0.408550859549404,0,-5,5,2.27391534042406,136,83,NA
"Surviving Mars",1000,744,148,108,74.4,14.8,10.8,1.37298889814763,1.05263157894737,-5,5,1.93335185031744,218,18,0.05
"Tabletop Simulator",1000,680,105,215,68,10.5,21.5,1.45114898408203,1.25,-5,5,1.95243928896316,220,21,NA
"Tales of Arise",1000,745,190,65,74.5,19,6.5,1.25965349999522,0.851540883503483,-5,5,1.85704296691085,175,13,NA
"Teardown",1000,699,157,144,69.9,15.7,14.4,1.58829278902773,1.38888888888889,-5,5,2.25853443783282,286,29,NA
"Terraria",1000,654,173,173,65.4,17.3,17.3,1.34698278608783,1.20344827586207,-5,5,2.3259500902855,261,50,0.72
"The Ascent",1000,721,181,98,72.1,18.1,9.8,1.18571880647398,0.851063829787234,-5,5,1.80665222630661,161,11,NA
"The Binding of Isaac",1000,560,271,169,56,27.1,16.9,0.70332160057717,0.555555555555556,-5,5,2.24740520749077,159,65,0.03
"The Binding of Isaac: Rebirth",1000,544,272,184,54.4,27.2,18.4,0.715490878526288,0.403179023088525,-5,5,2.49437891173133,191,86,NA
"The Bureau: XCOM Declassified",1000,625,258,117,62.5,25.8,11.7,0.731547345127446,0.417584434654919,-5,5,1.78740305196301,101,27,0.29
"The Crew 2",1000,632,221,147,63.2,22.1,14.7,1.04353791445358,0.74537037037037,-5,5,2.22384080918766,207,46,0.82
"The Darkness II",1000,702,179,119,70.2,17.9,11.9,1.20161143206114,0.875489695111565,-5,5,1.92447262332361,183,18,0.39
"The Elder Scrolls III: Morrowind Game of the Year Edition",1000,691,175,134,69.1,17.5,13.4,0.990913326426805,0.721294267981015,-5,5,1.79508168800607,137,23,1.03
"The Elder Scrolls Online",1000,659,201,140,65.9,20.1,14,0.95221425125683,0.650762281197064,-5,5,1.83955947948261,146,26,1.72
"The Elder Scrolls V: Skyrim",1000,654,145,201,65.4,14.5,20.1,1.23827762375131,0.94765651727677,-5,5,1.92630284713292,199,20,8.84
"The Elder Scrolls V: Skyrim Special Edition",1000,647,120,233,64.7,12,23.3,1.27747966662518,0.869565217391304,-5,5,1.93124868130529,204,20,3.36
"The Escapists 2",1000,623,214,163,62.3,21.4,16.3,1.13520182719972,0.774225774225774,-5,5,2.30662534106886,229,49,0.24
"The Evil Within",1000,535,361,104,53.5,36.1,10.4,0.372188559174514,0.212962962962963,-5,5,2.05294995160169,107,59,1.81
"The Evil Within 2",1000,664,212,124,66.4,21.2,12.4,0.996878844660866,0.666666666666667,-5,5,2.02316383737897,160,33,1.05
"The First Berserker: Khazan",1000,768,151,81,76.8,15.1,8.1,1.47637278476065,1.05477107402653,-5,5,1.94651126763941,224,16,NA
"The Forest",1000,631,190,179,63.1,19,17.9,1.25306895339887,0.909090909090909,-5,5,2.25080520994883,229,40,NA
"The Long Dark",1000,658,207,135,65.8,20.7,13.5,0.992677186789807,0.615628775137978,-5,5,1.96447019694485,171,35,0.05
"The Outlast Trials",1000,611,237,152,61.1,23.7,15.2,0.961974558996286,0.714285714285714,-5,5,2.24999887839403,189,59,NA
"The Red Solstice",1000,650,253,97,65,25.3,9.7,0.712265798166477,0.459830866807611,-5,5,1.75291756680171,101,28,NA
"The Sims 3",1000,679,164,157,67.9,16.4,15.7,1.21953726422003,0.835385878489327,-5,5,1.84428863168272,185,10,8.11
"The Stanley Parable",1000,623,132,245,62.3,13.2,24.5,1.14555239485396,0.771939328277357,-5,5,1.92218083900858,175,25,NA
"The Surge",1000,614,305,81,61.4,30.5,8.1,0.726335048803557,0.352349985220219,-5,5,1.83241888990461,124,22,0.19
"The Talos Principle",1000,804,88,108,80.4,8.8,10.8,1.53370400955156,1.17647058823529,-5,5,1.69525294116852,213,6,0.02
"The Tiny Bang Story",1000,830,87,83,83,8.7,8.3,1.82835902789259,1.41067216981132,-5,5,1.81056213835525,271,4,0.01
"The Walking Dead: Season Two",1000,669,205,126,66.9,20.5,12.6,1.17066750338137,0.857142857142857,-5,5,2.246762855334,227,48,0.24
"The Witcher 3: Wild Hunt",1000,757,89,154,75.7,8.9,15.4,1.71486969631202,1.36363636363636,-5,5,1.98296787196974,272,18,3.73
"They Are Billions",1000,638,265,97,63.8,26.5,9.7,0.985767087046484,0.583972719522592,-5,5,1.9585193169278,175,24,NA
"Thief",1000,645,243,112,64.5,24.3,11.2,0.893414306950469,0.571428571428571,-5,5,1.91715208795024,141,31,0.85
"Thief Simulator",1000,679,185,136,67.9,18.5,13.6,1.34511587650291,1.09099925613687,-5,5,2.09362923343171,239,24,NA
"This War of Mine",1000,521,358,121,52.1,35.8,12.1,0.528744526026557,0.198039215686275,-5,5,1.93979344299675,126,31,0.02
"Tiny Tina's Wonderlands",1000,621,256,123,62.1,25.6,12.3,0.800343386714438,0.522225252249795,-5,5,2.08703787555882,150,42,NA
"Titanfall 2",1000,774,125,101,77.4,12.5,10.1,1.59709471568804,1.42857142857143,-5,5,2.063215095724,265,24,1.72
"To the Moon",1000,713,157,130,71.3,15.7,13,1.24310688411938,0.978000956480153,-5,5,1.9620413310279,181,23,NA
"Tom Clancy's Ghost Recon Wildlands",1000,576,283,141,57.6,28.3,14.1,0.795621826783819,0.434782608695652,-5,5,2.08843178351506,157,42,3.12
"Tom Clancy's Rainbow Six Siege",1000,438,387,175,43.8,38.7,17.5,0.223037372779363,0,-5,5,2.52797127649749,156,111,NA
"Tomb Raider",1000,775,112,113,77.5,11.2,11.3,1.73484916784625,1.53010033444816,-5,5,1.97802143171441,264,16,4.63
"Torchlight",1000,773,123,104,77.3,12.3,10.4,1.5738466826894,1.25,-5,5,1.82206647755598,228,9,0.07
"Torchlight II",1000,780,118,102,78,11.8,10.2,1.6791309500908,1.42857142857143,-5,5,2.0090105515955,252,16,NA
"Total War: WARHAMMER",1000,623,227,150,62.3,22.7,15,0.882649365240902,0.58359133126935,-5,5,1.91164874512592,151,28,0.1
"Town of Salem",1000,546,331,123,54.6,33.1,12.3,0.670544207199923,0.338267896731746,-5,5,2.37050165442513,192,65,NA
"Transistor",1000,818,103,79,81.8,10.3,7.9,1.58811062771058,1.2705952697316,-5,5,1.76420124352047,218,7,NA
"Transport Fever",1000,758,133,109,75.8,13.3,10.9,1.41881174589072,1.07142857142857,-5,5,1.82836323733498,208,9,NA
"Tribes of Midgard",1000,664,232,104,66.4,23.2,10.4,1.1164523586432,0.714285714285714,-5,5,2.06945288428753,192,31,NA
"Trine 2: Complete Story",1000,848,82,70,84.8,8.2,7,2.26552596831299,2.13333333333333,-5,5,1.99400153646447,374,13,NA
"Trine Enchanted Edition",1000,850,80,70,85,8,7,2.09917310528632,1.8983268983269,-5,5,1.96182640907087,329,12,NA
"Tropico 4",1000,803,89,108,80.3,8.9,10.8,1.74273500851922,1.4923444024657,-5,5,1.9309680521155,267,14,0.36
"Tropico 5",1000,727,163,110,72.7,16.3,11,1.520261008905,1.22035300606729,-5,5,2.05329344783286,257,16,0.3
"Tropico 6",1000,744,157,99,74.4,15.7,9.9,1.63412835845285,1.42857142857143,-5,5,2.04543207753062,274,16,NA
"Two Point Hospital",1000,802,88,110,80.2,8.8,11,1.79586349253483,1.53846153846154,-5,5,1.88669102832192,262,9,NA
"UNO",1000,422,380,198,42.2,38,19.8,0.023293527134182,0,-5,5,2.19385137441192,92,99,NA
"Ultimate Chicken Horse",1000,661,155,184,66.1,15.5,18.4,1.55960122913987,1.29319955406912,-5,5,2.44035664013372,305,44,NA
"Undertale",1000,674,162,164,67.4,16.2,16.4,1.36839066254231,1.25,-5,5,2.32473316579043,253,46,0.02
"Untitled Goose Game",1000,738,130,132,73.8,13,13.2,1.71578432780953,1.42857142857143,-5,5,2.18784588230159,301,21,NA
"V Rising",1000,739,159,102,73.9,15.9,10.2,1.34584746689076,1.03300069163126,-5,5,1.90991677668244,194,18,NA
"Valheim",1000,730,171,99,73,17.1,9.9,1.45457269479398,1.25,-5,5,2.09608774500526,235,27,NA
"Vampire Survivors",1000,734,130,136,73.4,13,13.6,1.54308052552806,1.25,-5,5,2.0616307105462,248,20,NA
"Victoria 3",1000,642,218,140,64.2,21.8,14,0.893060649704957,0.571428571428571,-5,5,1.88043923925026,140,27,NA
"Viscera Cleanup Detail",1000,578,243,179,57.8,24.3,17.9,0.819543551557491,0.5,-5,5,1.98435102197682,154,31,NA
"Wargame: Red Dragon",1000,626,235,139,62.6,23.5,13.9,0.935614398273787,0.666666666666667,-5,5,2.20492383788286,188,40,NA
"Warhammer 40,000: Chaos Gate - Daemonhunters",1000,636,289,75,63.6,28.9,7.5,0.876735962717477,0.542997542997543,-5,5,1.80526036236995,141,18,NA
"Warhammer 40,000: Darktide",1000,637,252,111,63.7,25.2,11.1,0.909858565182102,0.592625109745391,-5,5,2.05650432050327,165,44,NA
"Warhammer 40,000: Dawn of War III",1000,565,318,117,56.5,31.8,11.7,0.485575191428851,0.307765151515151,-5,5,1.89770966786788,94,36,0.04
"Warhammer 40,000: Inquisitor - Martyr",1000,747,169,84,74.7,16.9,8.4,1.28490923509377,0.923723335488041,-5,5,1.84535479766325,189,17,0.02
"Warhammer 40,000: Rogue Trader",1000,788,108,104,78.8,10.8,10.4,1.31815169014305,0.996688741721854,-5,5,1.66955638657452,158,10,NA
"Warhammer 40,000: Space Marine 2",1000,553,303,144,55.3,30.3,14.4,0.597508689108254,0.256410256410256,-5,5,1.99849024690995,131,41,NA
"Warhammer: Vermintide 2",1000,596,252,152,59.6,25.2,15.2,0.834773421820976,0.636945546339704,-5,5,2.25101266287093,176,62,NA
"Wobbly Life",1000,854,55,91,85.4,5.5,9.1,2.56226913614679,2.69230769230769,-5,5,1.96997201968539,444,6,NA
"Wolcen: Lords of Mayhem",1000,614,304,82,61.4,30.4,8.2,0.496159463964411,0.396850393700787,-5,5,1.76973432906889,82,37,NA
"Wolfenstein II: The New Colossus",1000,572,309,119,57.2,30.9,11.9,0.64782982311338,0.367003367003367,-5,5,2.15672590997147,144,54,1.36
"Wolfenstein: The New Order",1000,592,276,132,59.2,27.6,13.2,0.782693250028022,0.526315789473684,-5,5,2.2575946479578,170,60,1.58
"Wolfenstein: Youngblood",1000,435,451,114,43.5,45.1,11.4,-0.0271622622635474,0,-5,5,1.84488708607813,60,64,NA
"Woodle Tree Adventures",1000,579,315,106,57.9,31.5,10.6,0.644359047940107,0.338030851266425,-5,5,2.08774859731488,140,44,NA
"World War Z",1000,665,216,119,66.5,21.6,11.9,1.08472566805723,0.769230769230769,-5,5,2.22071948731373,207,46,NA
"Wreckfest",1000,728,145,127,72.8,14.5,12.7,1.53844357148763,1.15384615384615,-5,5,2.17986596618725,263,26,NA
"XCOM 2",1000,630,234,136,63,23.4,13.6,1.04705494964393,0.645161290322581,-5,5,2.07684329715276,194,31,0.2
"XCOM: Enemy Unknown",1000,575,265,160,57.5,26.5,16,0.79363078292886,0.434782608695652,-5,5,1.76454459437186,131,19,0.72
"Yakuza 0",1000,673,141,186,67.3,14.1,18.6,1.19292646045393,0.940972222222222,-5,5,1.85984621048723,177,19,NA
"theHunter: Call of the Wild",1000,743,144,113,74.3,14.4,11.3,1.5937099899419,1.28975780566093,-5,5,2.13428834048136,277,29,0.24
"The Descendant",980,674,168,138,68.7755102040816,17.1428571428571,14.0816326530612,0.997379373803282,0.653622693096377,-5,5,1.76982808070679,138,19,NA
"Back to Bed",824,622,114,88,75.4854368932039,13.8349514563107,10.6796116504854,1.13060370634077,0.8,-5,5,1.67380843965921,117,11,NA
"Company of Heroes: Opposing Fronts",435,328,49,58,75.4022988505747,11.264367816092,13.3333333333333,1.60419980219162,1.42857142857143,-5,5,1.94759184012605,103,9,0.04
"Capcom Arcade 2nd Stadium",304,178,77,49,58.5526315789474,25.328947368421,16.1184210526316,0.679269383480158,0.451991828396323,-5,5,1.69042720035702,32,5,NA
"Civilization IV: Beyond the Sword",38,34,1,3,89.4736842105263,2.63157894736842,7.89473684210526,1.96080096846274,2.05909943714822,-4.28571428571429,5,1.81139760768825,10,1,0
"Sid Meier's Civilization IV",27,21,0,6,77.7777777777778,0,22.2222222222222,2.24327104635308,2.05128205128205,0,5,1.81854323100067,8,0,0.17
